id_venda,data_venda,cliente,cidade,produto,categoria,quantidade,preco_unitario,forma_pagamento
1,2024-11-23,Cliente_39,Salvador,Headset Gamer,Acessórios,2,763.0,Débito
2,2024-02-27,Cliente_79,Goiânia,Notebook Lenovo,Notebooks,1,3679.0,Pix
3,2024-01-13,Cliente_177,Salvador,"Monitor 27""",Monitores,1,1759.0,Boleto
4,2024-05-20,Cliente_127,Porto Alegre,Mouse Gamer,Acessórios,5,652.0,Crédito
5,2024-05-05,Cliente_189,Fortaleza,Impressora HP,Periféricos,1,1284.0,Pix
6,2024-04-24,Cliente_173,Goiânia,Notebook Dell,Notebooks,1,3937.0,Crédito
7,2024-03-12,Cliente_196,Belo Horizonte,Mouse Gamer,Acessórios,5,141.0,Boleto
8,2024-02-22,Cliente_47,Goiânia,Headset Gamer,Acessórios,4,384.0,Boleto
9,2024-12-12,Cliente_90,Recife,"Monitor 27""",Monitores,1,1762.0,
10,2024-10-06,Cliente_85,,Teclado Mecânico,Acessórios,1,264.0,Boleto
11,2024-02-14,Cliente_10,Porto Alegre,Mouse Gamer,Acessórios,4,663.0,Crédito
12,2024-10-29,Cliente_30,Recife,Teclado Mecânico,Acessórios,3,431.0,Crédito
13,2024-08-04,Cliente_14,Curitiba,Headset Gamer,Acessórios,4,523.0,Pix
14,data_invalida,Cliente_195,São Paulo,Impressora HP,Periféricos,4,1305.0,Débito
15,2024-01-16,Cliente_74,Porto Alegre,Mouse Gamer,Acessórios,5,234.0,Boleto
16,2024-02-17,Cliente_162,Goiânia,Notebook Lenovo,Notebooks,1,6986.0,Débito
17,2024-04-21,Cliente_4,Brasília,iPhone 14,Celulares,3,4256.0,Boleto
18,2024-04-29,Cliente_30,Porto Alegre,Notebook Lenovo,Notebooks,2,6446.0,Crédito
19,2024-09-15,Cliente_75,Brasília,iPhone 14,Celulares,4,4935.0,Pix
20,2024-11-04,Cliente_63,Porto Alegre,"Monitor 24""",Monitores,4,1767.0,Débito
21,2024-01-14,Cliente_192,Belo Horizonte,"Monitor 24""",Monitores,2,1840.0,Crédito
22,2024-10-14,Cliente_130,Salvador,Mouse Gamer,Acessórios,4,448.0,Crédito
23,2024-04-11,Cliente_149,Porto Alegre,Mouse Gamer,Acessórios,3,701.0,Débito
24,2024-11-28,Cliente_89,Fortaleza,"Monitor 27""",Monitores,5,1791.0,Boleto
25,2024-12-25,Cliente_179,Curitiba,"Monitor 27""",Monitores,3,1186.0,Boleto
26,31-02-2024,Cliente_82,Porto Alegre,Samsung Galaxy S23,Celulares,4,2178.0,Boleto
27,2024-08-02,Cliente_10,Belo Horizonte,"Monitor 24""",Monitores,2,1814.0,
28,2024-04-22,Cliente_135,Porto Alegre,Notebook Lenovo,Notebooks,4,3408.0,Crédito
29,2024-08-17,Cliente_40,Rio de Janeiro,iPhone 14,Celulares,4,4681.0,Boleto
30,2024-10-28,Cliente_178,Recife,Mouse Gamer,Acessórios,3,738.0,Crédito
31,2024-05-22,Cliente_82,Porto Alegre,Teclado Mecânico,Acessórios,5,489.0,Crédito
32,2024-01-04,Cliente_162,Salvador,Impressora HP,Periféricos,1,880.0,Débito
33,2024-03-22,Cliente_195,Rio de Janeiro,Notebook Lenovo,Notebooks,4,3403.0,Boleto
34,2024-12-23,Cliente_12,Fortaleza,iPhone 14,Celulares,3,2118.0,Crédito
35,2024-08-04,Cliente_111,Belo Horizonte,Mouse Gamer,Acessórios,3,483.0,Débito
36,2024-06-23,Cliente_175,Belo Horizonte,Headset Gamer,Acessórios,4,679.0,Débito
37,2024-05-22,Cliente_98,Goiânia,iPhone 14,Celulares,1,4496.0,Débito
38,2024-03-20,Cliente_60,Porto Alegre,"Monitor 27""",Monitores,5,1093.0,Pix
39,2024-04-20,Cliente_120,Salvador,"Monitor 27""",Monitores,3,,Débito
40,2024-06-21,Cliente_89,Goiânia,Notebook Lenovo,Notebooks,4,6871.0,
41,2024-02-22,Cliente_78,Curitiba,"Monitor 24""",Monitores,3,1735.0,Boleto
42,2024/15/01,Cliente_98,Goiânia,"Monitor 27""",Monitores,1,1285.0,Pix
43,2024-07-13,Cliente_6,Recife,Impressora HP,Periféricos,3,1004.0,Pix
44,2024-02-19,Cliente_176,São Paulo,Notebook Dell,Notebooks,5,6543.0,Boleto
45,2024-07-02,Cliente_91,Curitiba,Mouse Gamer,Acessórios,2,721.0,Débito
46,2024-06-25,Cliente_161,Rio de Janeiro,Impressora HP,Periféricos,3,680.0,Crédito
47,2024-11-05,Cliente_149,Fortaleza,Mouse Gamer,Acessórios,4,134.0,Débito
48,2024-05-15,Cliente_192,,Notebook Lenovo,Notebooks,3,4338.0,Débito
49,2024-01-23,Cliente_94,Brasília,Samsung Galaxy S23,Celulares,2,4209.0,Pix
50,2024-08-23,Cliente_76,Fortaleza,iPhone 14,Celulares,3,3973.0,Crédito
51,data_invalida,Cliente_194,Curitiba,"Monitor 27""",Monitores,1,1088.0,Boleto
52,2024-03-04,Cliente_102,São Paulo,Headset Gamer,Acessórios,3,192.0,Pix
53,2024/15/01,Cliente_95,Salvador,Headset Gamer,Acessórios,1,565.0,Boleto
54,2024-02-10,Cliente_60,Porto Alegre,Teclado Mecânico,Acessórios,1,791.0,Crédito
55,2024-10-09,Cliente_157,Curitiba,Impressora HP,Periféricos,5,1071.0,Crédito
56,2024-05-30,Cliente_30,Belo Horizonte,"Monitor 27""",Monitores,3,1636.0,Crédito
57,2024-11-17,Cliente_30,,Notebook Dell,Notebooks,3,5017.0,Débito
58,2024-11-12,Cliente_117,Fortaleza,Headset Gamer,Acessórios,2,497.0,Boleto
59,2024-07-04,Cliente_168,Rio de Janeiro,Impressora HP,Periféricos,2,1249.0,Boleto
60,2024-10-22,Cliente_9,Fortaleza,Impressora HP,Periféricos,4,972.0,Débito
61,2024-04-08,Cliente_93,Rio de Janeiro,"Monitor 27""",Monitores,4,1283.0,Pix
62,2024-12-26,Cliente_102,Salvador,Headset Gamer,Acessórios,3,162.0,Débito
63,2024-02-05,Cliente_170,Curitiba,Notebook Lenovo,Notebooks,4,3375.0,Crédito
64,2024-01-24,Cliente_33,Goiânia,Notebook Dell,Notebooks,3,3997.0,Débito
65,2024-12-04,Cliente_151,Curitiba,Notebook Lenovo,Notebooks,5,3848.0,Débito
66,2024-04-26,Cliente_1,Salvador,Teclado Mecânico,Acessórios,2,710.0,Débito
67,2024-05-28,Cliente_45,,iPhone 14,Celulares,5,3026.0,Crédito
68,2024-02-10,Cliente_61,Goiânia,iPhone 14,Celulares,1,3467.0,Pix
69,2024-04-29,Cliente_14,Belo Horizonte,Notebook Dell,Notebooks,2,4086.0,Boleto
70,2024-02-21,Cliente_122,Porto Alegre,Headset Gamer,Acessórios,1,165.0,Pix
71,2024-07-13,Cliente_116,,Headset Gamer,Acessórios,5,,Débito
72,2024-05-22,Cliente_78,Porto Alegre,Impressora HP,Periféricos,1,1467.0,Crédito
73,2024-08-20,Cliente_103,Recife,Notebook Dell,Notebooks,4,6470.0,Crédito
74,2024-11-21,Cliente_21,Fortaleza,"Monitor 27""",Monitores,4,950.0,Débito
75,2024-07-05,Cliente_160,Goiânia,Notebook Lenovo,Notebooks,2,4126.0,Pix
76,2024-03-24,Cliente_76,Porto Alegre,"Monitor 24""",Monitores,5,1886.0,Boleto
77,2024-07-08,,Brasília,Notebook Lenovo,Notebooks,1,6493.0,Débito
78,2024-06-30,Cliente_106,Fortaleza,"Monitor 24""",Monitores,4,1267.0,Boleto
79,2024-04-17,Cliente_81,Recife,"Monitor 24""",Monitores,4,994.0,Pix
80,2024-12-09,Cliente_176,Porto Alegre,Mouse Gamer,Acessórios,3,256.0,Crédito
81,2024-05-16,Cliente_111,Rio de Janeiro,Notebook Lenovo,Notebooks,1,3381.0,Pix
82,2024-12-25,Cliente_151,Brasília,iPhone 14,Celulares,5,2245.0,Pix
83,2024-12-15,Cliente_171,Recife,Notebook Lenovo,Notebooks,4,4448.0,Crédito
84,2024-11-27,Cliente_91,Rio de Janeiro,Mouse Gamer,Acessórios,5,419.0,Débito
85,2024-02-06,Cliente_28,Fortaleza,iPhone 14,Celulares,4,2918.0,Pix
86,2024-11-07,Cliente_58,Recife,Notebook Lenovo,Notebooks,3,5351.0,Crédito
87,2024-11-21,Cliente_47,Salvador,Impressora HP,Periféricos,3,459.0,Pix
88,2024-03-28,Cliente_47,Belo Horizonte,Teclado Mecânico,Acessórios,3,106.0,Boleto
89,2024-09-30,Cliente_163,São Paulo,Notebook Lenovo,Notebooks,2,6035.0,Crédito
90,2024-05-05,Cliente_108,Porto Alegre,Headset Gamer,Acessórios,2,485.0,Pix
91,2024-03-24,Cliente_185,,iPhone 14,Celulares,3,3276.0,Crédito
92,2024-08-24,Cliente_194,Goiânia,Notebook Dell,Notebooks,2,3644.0,Crédito
93,2024-07-13,Cliente_170,Recife,Notebook Lenovo,Notebooks,3,4814.0,Boleto
94,2024-05-18,Cliente_70,,Impressora HP,Periféricos,4,1248.0,Crédito
95,2024-11-23,Cliente_73,Goiânia,Teclado Mecânico,Acessórios,4,,Boleto
96,2024-12-18,Cliente_57,Recife,Headset Gamer,Acessórios,3,146.0,Crédito
97,2024-10-12,Cliente_55,Belo Horizonte,Notebook Dell,Notebooks,2,4234.0,Pix
98,2024-04-22,Cliente_2,Porto Alegre,Mouse Gamer,Acessórios,3,,Boleto
99,2024-12-16,Cliente_137,Curitiba,iPhone 14,Celulares,2,3557.0,Pix
100,2024-06-15,Cliente_190,São Paulo,Notebook Lenovo,Notebooks,4,6529.0,Boleto
101,2024-01-29,Cliente_20,,Notebook Dell,Notebooks,4,6773.0,Boleto
102,2024-04-27,,Rio de Janeiro,Impressora HP,Periféricos,4,1255.0,Boleto
103,2024-01-17,Cliente_159,Porto Alegre,Notebook Dell,Notebooks,3,3703.0,Pix
104,2024-06-10,Cliente_28,Curitiba,Notebook Lenovo,Notebooks,4,6459.0,Boleto
105,2024-07-24,Cliente_21,Recife,Impressora HP,Periféricos,4,1473.0,Pix
106,2024-05-17,Cliente_200,Belo Horizonte,Teclado Mecânico,Acessórios,2,,Crédito
107,2024-02-03,Cliente_131,Curitiba,Headset Gamer,Acessórios,1,643.0,Pix
108,2024-04-18,Cliente_27,Belo Horizonte,Teclado Mecânico,Acessórios,2,341.0,Pix
109,2024-10-17,Cliente_40,Rio de Janeiro,Samsung Galaxy S23,Celulares,2,4467.0,Débito
110,2024-06-10,Cliente_195,Goiânia,"Monitor 27""",Monitores,4,1954.0,Boleto
111,2024-04-18,Cliente_161,Fortaleza,Impressora HP,Periféricos,5,1061.0,Débito
112,2024-12-01,Cliente_114,Salvador,"Monitor 27""",Monitores,1,1760.0,Pix
113,2024-09-12,Cliente_130,Rio de Janeiro,Impressora HP,Periféricos,1,1120.0,Pix
114,2024-07-21,Cliente_15,Fortaleza,"Monitor 27""",Monitores,4,877.0,Pix
115,2024-11-25,Cliente_153,Brasília,Notebook Lenovo,Notebooks,1,5519.0,Boleto
116,2024-08-22,Cliente_190,São Paulo,"Monitor 27""",Monitores,5,1935.0,Boleto
117,2024-03-14,Cliente_155,Porto Alegre,Impressora HP,Periféricos,2,1058.0,Débito
118,2024-05-15,Cliente_88,Rio de Janeiro,Notebook Dell,Notebooks,4,3423.0,Débito
119,2024-03-12,Cliente_113,Porto Alegre,Notebook Dell,Notebooks,2,5898.0,Débito
120,2024-05-06,Cliente_100,Recife,Teclado Mecânico,Acessórios,3,389.0,Pix
121,2024-10-14,Cliente_17,Fortaleza,Impressora HP,Periféricos,1,1085.0,Crédito
122,2024-10-02,Cliente_65,Goiânia,Headset Gamer,Acessórios,4,390.0,Débito
123,2024-05-14,Cliente_170,Belo Horizonte,Teclado Mecânico,Acessórios,1,696.0,
124,2024-10-26,Cliente_153,Rio de Janeiro,Mouse Gamer,Acessórios,4,232.0,Pix
125,2024-08-07,Cliente_85,Belo Horizonte,Headset Gamer,Acessórios,4,758.0,Crédito
126,2024-10-25,Cliente_5,Fortaleza,"Monitor 24""",Monitores,5,1541.0,Pix
127,2024-07-23,Cliente_197,Porto Alegre,iPhone 14,Celulares,2,3399.0,Débito
128,2024-07-04,Cliente_20,Salvador,Samsung Galaxy S23,Celulares,2,2634.0,Crédito
129,2024-04-22,Cliente_10,Fortaleza,Headset Gamer,Acessórios,5,639.0,Débito
130,2024-03-11,Cliente_42,Belo Horizonte,Impressora HP,Periféricos,4,715.0,Débito
131,2024-09-17,Cliente_94,Curitiba,"Monitor 27""",Monitores,1,1641.0,
132,2024-09-09,Cliente_60,Brasília,Impressora HP,Periféricos,3,1319.0,Débito
133,2024-02-16,Cliente_95,Goiânia,Mouse Gamer,Acessórios,4,298.0,Boleto
134,2024-01-25,Cliente_129,Brasília,"Monitor 27""",Monitores,3,1582.0,Boleto
135,2024-02-26,Cliente_36,Salvador,iPhone 14,Celulares,2,4476.0,Crédito
136,2024-03-19,Cliente_27,Brasília,"Monitor 27""",Monitores,3,1935.0,Crédito
137,2024-11-17,,Porto Alegre,Mouse Gamer,Acessórios,1,264.0,Débito
138,2024-03-22,Cliente_116,Fortaleza,"Monitor 24""",Monitores,1,1254.0,Crédito
139,2024-12-14,Cliente_129,Fortaleza,"Monitor 24""",Monitores,1,1611.0,Débito
140,2024-08-04,Cliente_58,São Paulo,"Monitor 24""",Monitores,1,1567.0,Pix
141,2024-11-01,Cliente_38,Belo Horizonte,Notebook Lenovo,Notebooks,3,6241.0,Crédito
142,2024-02-02,Cliente_195,Porto Alegre,Mouse Gamer,Acessórios,4,242.0,Boleto
143,2024-07-16,Cliente_5,Salvador,Impressora HP,Periféricos,1,562.0,Débito
144,2024-07-14,Cliente_156,Brasília,iPhone 14,Celulares,5,4978.0,Boleto
145,2024-11-01,Cliente_78,Rio de Janeiro,Notebook Lenovo,Notebooks,3,3973.0,Crédito
146,2024-08-27,Cliente_160,Porto Alegre,Samsung Galaxy S23,Celulares,4,4617.0,Crédito
147,2024-09-27,Cliente_138,São Paulo,Notebook Lenovo,Notebooks,4,5444.0,Débito
148,2024-05-08,Cliente_1,Goiânia,iPhone 14,Celulares,3,3758.0,Pix
149,2024-13-10,Cliente_48,Rio de Janeiro,Samsung Galaxy S23,Celulares,5,3706.0,Pix
150,2024-01-06,Cliente_130,Brasília,Notebook Lenovo,Notebooks,5,5228.0,Crédito
151,2024-12-14,Cliente_163,Recife,"Monitor 24""",Monitores,4,889.0,Pix
152,2024-02-28,Cliente_18,Fortaleza,Mouse Gamer,Acessórios,1,465.0,Débito
153,2024-12-15,Cliente_194,Fortaleza,Notebook Lenovo,Notebooks,5,6011.0,Débito
154,2024-10-01,Cliente_87,Belo Horizonte,Notebook Dell,Notebooks,3,5236.0,Boleto
155,2024-05-16,Cliente_17,Porto Alegre,"Monitor 27""",Monitores,2,1076.0,Crédito
156,2024-11-24,Cliente_52,São Paulo,Mouse Gamer,Acessórios,2,144.0,Pix
157,2024-06-23,Cliente_140,Porto Alegre,Mouse Gamer,Acessórios,5,507.0,Pix
158,2024-02-27,Cliente_92,São Paulo,Notebook Dell,Notebooks,2,4171.0,Pix
159,2024-05-30,Cliente_112,Recife,Mouse Gamer,Acessórios,1,476.0,Boleto
160,2024-08-10,Cliente_128,Porto Alegre,"Monitor 24""",Monitores,3,1182.0,Pix
161,2024-03-21,Cliente_187,Recife,Headset Gamer,Acessórios,3,184.0,Crédito
162,2024-08-20,Cliente_140,Salvador,"Monitor 24""",Monitores,5,1169.0,Pix
163,2024/15/01,Cliente_170,Salvador,Notebook Lenovo,Notebooks,1,4343.0,Pix
164,2024-05-14,Cliente_43,Porto Alegre,"Monitor 27""",Monitores,5,1672.0,Pix
165,2024-09-13,Cliente_158,Recife,"Monitor 27""",Monitores,1,1522.0,Pix
166,2024-04-01,Cliente_164,Recife,Notebook Dell,Notebooks,1,5749.0,Pix
167,2024-09-16,Cliente_37,Goiânia,Headset Gamer,Acessórios,2,131.0,Boleto
168,2024-02-24,Cliente_61,Fortaleza,Notebook Dell,Notebooks,2,3275.0,Pix
169,2024-11-16,Cliente_155,Belo Horizonte,"Monitor 24""",Monitores,5,866.0,Boleto
170,2024-06-01,Cliente_196,Rio de Janeiro,Teclado Mecânico,Acessórios,3,554.0,Débito
171,2024-11-23,Cliente_81,Salvador,Headset Gamer,Acessórios,3,507.0,Débito
172,2024-09-16,Cliente_48,Porto Alegre,Notebook Lenovo,Notebooks,1,6013.0,Boleto
173,2024-11-07,Cliente_199,,Headset Gamer,Acessórios,1,368.0,Boleto
174,2024-04-11,Cliente_178,Porto Alegre,Samsung Galaxy S23,Celulares,5,3169.0,Débito
175,2024-03-19,,Porto Alegre,Notebook Lenovo,Notebooks,2,6493.0,Débito
176,2024-07-10,Cliente_171,Fortaleza,"Monitor 27""",Monitores,1,1454.0,Crédito
177,2024-03-23,Cliente_77,Belo Horizonte,Headset Gamer,Acessórios,5,397.0,
178,2024-10-03,Cliente_32,Curitiba,Teclado Mecânico,Acessórios,5,329.0,Débito
179,2024-09-28,Cliente_93,Brasília,Samsung Galaxy S23,Celulares,4,2107.0,Pix
180,2024-01-01,Cliente_157,Rio de Janeiro,"Monitor 27""",Monitores,5,1065.0,Crédito
181,2024-11-02,Cliente_135,Recife,Mouse Gamer,Acessórios,4,590.0,Boleto
182,2024-06-14,Cliente_82,Rio de Janeiro,Impressora HP,Periféricos,1,656.0,Boleto
183,2024-09-07,Cliente_33,Brasília,"Monitor 27""",Monitores,5,1505.0,Débito
184,2024-01-10,Cliente_15,Rio de Janeiro,iPhone 14,Celulares,4,4059.0,Débito
185,2024-02-27,Cliente_83,Curitiba,Mouse Gamer,Acessórios,2,265.0,Pix
186,2024-07-04,Cliente_65,Curitiba,Headset Gamer,Acessórios,3,180.0,Pix
187,2024-06-06,Cliente_137,Rio de Janeiro,iPhone 14,Celulares,3,4516.0,Débito
188,2024-05-02,Cliente_44,Goiânia,Impressora HP,Periféricos,5,715.0,Pix
189,2024-01-30,Cliente_21,São Paulo,Impressora HP,Periféricos,1,458.0,Pix
190,2024-05-03,Cliente_159,São Paulo,Samsung Galaxy S23,Celulares,5,3706.0,Boleto
191,2024-10-17,Cliente_78,Porto Alegre,Headset Gamer,Acessórios,3,757.0,Débito
192,2024-02-10,Cliente_19,São Paulo,"Monitor 24""",Monitores,3,1728.0,Débito
193,2024-02-13,Cliente_119,Curitiba,"Monitor 27""",Monitores,4,1791.0,Pix
194,2024-09-05,Cliente_184,Fortaleza,Impressora HP,Periféricos,2,1040.0,Pix
195,2024-02-05,Cliente_132,Brasília,"Monitor 24""",Monitores,2,1558.0,Crédito
196,2024-09-29,Cliente_32,Salvador,Teclado Mecânico,Acessórios,2,577.0,Boleto
197,2024-03-05,Cliente_13,Salvador,Samsung Galaxy S23,Celulares,2,,Boleto
198,2024-03-06,Cliente_41,Fortaleza,Impressora HP,Periféricos,4,908.0,Pix
199,2024-12-03,Cliente_132,Porto Alegre,Samsung Galaxy S23,Celulares,2,4040.0,Boleto
200,2024-08-31,Cliente_24,Recife,Mouse Gamer,Acessórios,4,123.0,Boleto
201,2024-10-08,Cliente_91,São Paulo,Samsung Galaxy S23,Celulares,2,4389.0,Crédito
202,2024-03-25,Cliente_168,Porto Alegre,Mouse Gamer,Acessórios,4,711.0,Pix
203,2024-05-15,Cliente_111,Belo Horizonte,Headset Gamer,Acessórios,1,210.0,Pix
204,2024-09-27,Cliente_12,Recife,Teclado Mecânico,Acessórios,4,474.0,Crédito
205,2024-11-06,Cliente_93,Brasília,Impressora HP,Periféricos,5,798.0,Pix
206,2024-08-04,Cliente_116,Brasília,Notebook Lenovo,Notebooks,4,,Pix
207,2024-04-18,Cliente_33,Rio de Janeiro,Impressora HP,Periféricos,5,643.0,
208,2024-10-03,Cliente_94,Belo Horizonte,Teclado Mecânico,Acessórios,3,671.0,Débito
209,2024-12-19,Cliente_129,São Paulo,Impressora HP,Periféricos,5,1222.0,Crédito
210,2024-04-12,Cliente_86,Porto Alegre,Notebook Dell,Notebooks,2,5922.0,
211,2024-06-08,,Fortaleza,iPhone 14,Celulares,5,4111.0,Pix
212,2024-07-23,Cliente_190,Salvador,iPhone 14,Celulares,4,,Pix
213,2024-12-09,Cliente_126,Goiânia,Headset Gamer,Acessórios,5,645.0,Pix
214,2024-11-28,Cliente_85,Rio de Janeiro,"Monitor 27""",Monitores,1,1554.0,Boleto
215,2024-07-10,Cliente_153,Porto Alegre,Impressora HP,Periféricos,3,454.0,Pix
216,2024-08-12,Cliente_185,São Paulo,Impressora HP,Periféricos,5,866.0,Boleto
217,2024-09-21,Cliente_185,Goiânia,iPhone 14,Celulares,5,4576.0,Boleto
218,2024-08-19,Cliente_147,Rio de Janeiro,iPhone 14,Celulares,2,2129.0,Débito
219,2024-03-02,Cliente_108,Belo Horizonte,Notebook Dell,Notebooks,4,4284.0,Boleto
220,2024-05-06,Cliente_199,Goiânia,Samsung Galaxy S23,Celulares,4,4055.0,Boleto
221,2024-04-25,Cliente_54,Brasília,Notebook Dell,Notebooks,2,5124.0,Pix
222,2024-02-02,Cliente_81,Belo Horizonte,"Monitor 27""",Monitores,5,1571.0,Boleto
223,2024-06-22,Cliente_91,Salvador,Headset Gamer,Acessórios,3,659.0,Boleto
224,2024-01-11,Cliente_143,Salvador,Samsung Galaxy S23,Celulares,2,,Débito
225,2024-10-28,Cliente_177,Porto Alegre,Mouse Gamer,Acessórios,3,312.0,Pix
226,2024-10-10,Cliente_185,Salvador,"Monitor 27""",Monitores,3,1947.0,Pix
227,2024-04-27,Cliente_140,Recife,Notebook Lenovo,Notebooks,5,5771.0,Boleto
228,2024-10-28,Cliente_11,Salvador,Teclado Mecânico,Acessórios,2,397.0,Crédito
229,2024-04-22,Cliente_66,Porto Alegre,Teclado Mecânico,Acessórios,4,771.0,Débito
230,2024-01-04,Cliente_144,Salvador,Samsung Galaxy S23,Celulares,5,3110.0,Débito
231,2024-02-06,Cliente_151,Curitiba,Notebook Lenovo,Notebooks,5,6034.0,Débito
232,2024-12-28,Cliente_164,Curitiba,Notebook Dell,Notebooks,5,3924.0,Crédito
233,2024-11-19,Cliente_184,Porto Alegre,Notebook Lenovo,Notebooks,4,4352.0,Crédito
234,2024-01-31,Cliente_41,Recife,iPhone 14,Celulares,1,4254.0,Boleto
235,2024-04-27,Cliente_83,Salvador,"Monitor 27""",Monitores,2,1388.0,Crédito
236,2024-02-04,,São Paulo,Notebook Lenovo,Notebooks,5,3951.0,Débito
237,2024-01-17,Cliente_102,Porto Alegre,"Monitor 24""",Monitores,2,874.0,Débito
238,2024-06-18,Cliente_77,Goiânia,Mouse Gamer,Acessórios,1,109.0,Crédito
239,2024-02-06,Cliente_165,Brasília,Teclado Mecânico,Acessórios,3,565.0,Boleto
240,2024-09-20,Cliente_70,Curitiba,iPhone 14,Celulares,5,3917.0,Crédito
241,2024-05-01,Cliente_166,Salvador,Teclado Mecânico,Acessórios,2,569.0,Débito
242,2024-05-22,Cliente_76,Goiânia,Notebook Dell,Notebooks,3,6238.0,Débito
243,2024-12-08,Cliente_104,Recife,iPhone 14,Celulares,5,4616.0,Pix
244,2024-13-10,Cliente_25,Belo Horizonte,Notebook Lenovo,Notebooks,4,5741.0,Débito
245,2024-04-19,Cliente_2,Salvador,"Monitor 27""",Monitores,3,1308.0,Boleto
246,2024-10-03,Cliente_85,Salvador,Samsung Galaxy S23,Celulares,4,3093.0,Crédito
247,2024-03-08,Cliente_16,Rio de Janeiro,Mouse Gamer,Acessórios,3,341.0,Boleto
248,2024-10-19,Cliente_176,Brasília,Mouse Gamer,Acessórios,2,515.0,Pix
249,2024-10-22,Cliente_158,Curitiba,Notebook Lenovo,Notebooks,3,4505.0,Débito
250,2024-08-30,Cliente_117,Goiânia,iPhone 14,Celulares,4,2627.0,Pix
251,2024-05-04,Cliente_194,Brasília,"Monitor 24""",Monitores,5,1764.0,Débito
252,2024-08-30,Cliente_135,Porto Alegre,Samsung Galaxy S23,Celulares,5,2335.0,Pix
253,2024-07-27,Cliente_16,Brasília,Notebook Lenovo,Notebooks,5,3459.0,Débito
254,2024-04-07,Cliente_43,Fortaleza,Impressora HP,Periféricos,5,706.0,Boleto
255,2024-02-18,Cliente_150,Porto Alegre,Notebook Lenovo,Notebooks,2,5936.0,Crédito
256,2024-02-19,Cliente_117,Belo Horizonte,Headset Gamer,Acessórios,4,156.0,Boleto
257,2024-12-03,Cliente_144,Porto Alegre,"Monitor 27""",Monitores,5,918.0,Pix
258,2024-08-08,Cliente_1,Curitiba,Notebook Dell,Notebooks,4,4042.0,Crédito
259,2024-06-30,Cliente_180,Rio de Janeiro,Notebook Dell,Notebooks,4,4411.0,Crédito
260,2024-08-04,Cliente_74,Recife,Notebook Lenovo,Notebooks,4,3129.0,Débito
261,2024-07-29,Cliente_98,Porto Alegre,iPhone 14,Celulares,4,3533.0,Boleto
262,2024-08-27,Cliente_35,Fortaleza,"Monitor 24""",Monitores,1,1904.0,Crédito
263,2024-01-28,Cliente_136,Belo Horizonte,iPhone 14,Celulares,5,3609.0,Débito
264,2024-12-10,Cliente_119,Brasília,Notebook Dell,Notebooks,1,4222.0,Boleto
265,2024-11-30,Cliente_64,,Headset Gamer,Acessórios,4,335.0,Pix
266,2024-11-26,Cliente_186,Rio de Janeiro,iPhone 14,Celulares,3,2772.0,Crédito
267,2024-02-20,Cliente_62,Curitiba,"Monitor 24""",Monitores,5,832.0,Crédito
268,2024-02-01,Cliente_115,Goiânia,Notebook Lenovo,Notebooks,5,3137.0,Crédito
269,2024-07-25,Cliente_113,Curitiba,Samsung Galaxy S23,Celulares,1,3647.0,Débito
270,2024-06-22,Cliente_75,Curitiba,Notebook Dell,Notebooks,2,5063.0,Pix
271,2024-02-25,Cliente_61,Salvador,Impressora HP,Periféricos,5,1056.0,Débito
272,2024-05-07,Cliente_77,Salvador,Headset Gamer,Acessórios,2,523.0,Crédito
273,2024-04-08,Cliente_161,Recife,Headset Gamer,Acessórios,5,279.0,Boleto
274,2024-04-07,Cliente_165,Recife,Notebook Dell,Notebooks,3,6856.0,Pix
275,2024-10-01,Cliente_77,Recife,"Monitor 24""",Monitores,4,1105.0,Débito
276,data_invalida,Cliente_58,Salvador,Headset Gamer,Acessórios,4,346.0,Débito
277,2024-03-12,Cliente_106,Recife,"Monitor 27""",Monitores,1,1951.0,Débito
278,2024-08-04,Cliente_53,Fortaleza,"Monitor 24""",Monitores,2,1322.0,Crédito
279,2024-04-03,Cliente_138,Curitiba,"Monitor 27""",Monitores,3,989.0,Crédito
280,2024-05-22,Cliente_155,Goiânia,Mouse Gamer,Acessórios,4,789.0,Crédito
281,10/45/2024,,Goiânia,Notebook Lenovo,Notebooks,2,6295.0,Débito
282,2024-05-07,Cliente_78,São Paulo,"Monitor 27""",Monitores,2,1481.0,Débito
283,2024-02-08,Cliente_63,Goiânia,Samsung Galaxy S23,Celulares,1,3961.0,Débito
284,2024-08-14,Cliente_83,Salvador,"Monitor 24""",Monitores,2,1930.0,Boleto
285,2024-10-08,Cliente_79,Salvador,"Monitor 27""",Monitores,5,1535.0,Pix
286,2024-02-20,Cliente_26,Porto Alegre,Headset Gamer,Acessórios,4,577.0,Pix
287,2024-01-26,Cliente_106,São Paulo,Samsung Galaxy S23,Celulares,3,3281.0,Débito
288,2024-11-29,Cliente_142,Goiânia,iPhone 14,Celulares,1,3068.0,Boleto
289,2024-10-03,Cliente_85,Curitiba,Mouse Gamer,Acessórios,2,300.0,Boleto
290,2024-01-08,Cliente_141,Fortaleza,Impressora HP,Periféricos,2,1422.0,Pix
291,2024-02-17,Cliente_44,Fortaleza,"Monitor 27""",Monitores,4,1743.0,Débito
292,2024/15/01,Cliente_48,Brasília,iPhone 14,Celulares,5,4000.0,Crédito
293,2024-03-26,Cliente_172,São Paulo,Headset Gamer,Acessórios,1,176.0,Crédito
294,2024-07-27,Cliente_18,Belo Horizonte,"Monitor 24""",Monitores,2,1273.0,Crédito
295,2024-09-05,Cliente_96,São Paulo,Samsung Galaxy S23,Celulares,5,3867.0,Boleto
296,2024-09-03,Cliente_137,Brasília,"Monitor 27""",Monitores,1,813.0,Boleto
297,data_invalida,Cliente_185,Salvador,Notebook Dell,Notebooks,1,5168.0,Pix
298,2024-07-24,Cliente_179,Recife,Notebook Dell,Notebooks,5,6330.0,Débito
299,2024-01-31,Cliente_39,Curitiba,Notebook Lenovo,Notebooks,1,5147.0,
300,2024-03-25,Cliente_91,Salvador,Impressora HP,Periféricos,5,916.0,Boleto
301,2024-07-13,Cliente_104,Porto Alegre,Notebook Lenovo,Notebooks,3,6929.0,Débito
302,2024-01-02,Cliente_21,São Paulo,Samsung Galaxy S23,Celulares,3,4801.0,Crédito
303,2024-07-18,Cliente_142,Porto Alegre,"Monitor 24""",Monitores,4,1572.0,Crédito
304,2024-05-15,Cliente_128,Recife,Notebook Dell,Notebooks,2,3338.0,Pix
305,2024-08-20,Cliente_11,Curitiba,Impressora HP,Periféricos,1,1481.0,Débito
306,2024-05-26,Cliente_12,Rio de Janeiro,Impressora HP,Periféricos,4,955.0,Pix
307,2024-08-04,Cliente_9,Belo Horizonte,Headset Gamer,Acessórios,5,773.0,
308,2024-12-22,Cliente_37,Recife,Notebook Dell,Notebooks,2,5404.0,Crédito
309,2024-10-11,Cliente_62,Goiânia,Mouse Gamer,Acessórios,2,677.0,Boleto
310,2024-12-04,Cliente_194,Belo Horizonte,Headset Gamer,Acessórios,3,493.0,Crédito
311,2024-09-06,Cliente_26,Recife,Headset Gamer,Acessórios,3,154.0,Débito
312,2024-03-20,Cliente_197,Goiânia,Notebook Lenovo,Notebooks,3,5478.0,Boleto
313,2024-04-07,Cliente_70,Porto Alegre,Teclado Mecânico,Acessórios,1,749.0,Boleto
314,2024-05-31,Cliente_97,Recife,Samsung Galaxy S23,Celulares,3,4265.0,Débito
315,2024-04-21,Cliente_198,,Impressora HP,Periféricos,4,575.0,Pix
316,2024-01-30,Cliente_69,Belo Horizonte,Samsung Galaxy S23,Celulares,1,2336.0,Boleto
317,2024-10-23,Cliente_93,Rio de Janeiro,iPhone 14,Celulares,4,3297.0,Crédito
318,2024-10-04,Cliente_93,Salvador,Notebook Dell,Notebooks,3,4821.0,Crédito
319,2024-02-01,Cliente_111,Porto Alegre,iPhone 14,Celulares,1,2767.0,Boleto
320,2024-06-09,,Brasília,Notebook Lenovo,Notebooks,1,3367.0,Crédito
321,2024-01-30,Cliente_99,São Paulo,Impressora HP,Periféricos,5,1064.0,Pix
322,2024-01-26,Cliente_186,Brasília,"Monitor 24""",Monitores,4,,Débito
323,2024-10-26,Cliente_176,Recife,Impressora HP,Periféricos,5,747.0,Débito
324,2024-09-01,Cliente_69,Porto Alegre,iPhone 14,Celulares,3,3233.0,Débito
325,2024-09-14,Cliente_71,Recife,Notebook Lenovo,Notebooks,2,4780.0,Pix
326,2024-09-28,Cliente_65,Curitiba,"Monitor 27""",Monitores,1,1539.0,Boleto
327,2024-03-21,Cliente_118,Rio de Janeiro,Impressora HP,Periféricos,5,800.0,Débito
328,2024-01-30,Cliente_86,Goiânia,Mouse Gamer,Acessórios,1,505.0,Boleto
329,2024-09-17,Cliente_111,Goiânia,Teclado Mecânico,Acessórios,4,442.0,Débito
330,2024-02-11,Cliente_178,Curitiba,Mouse Gamer,Acessórios,3,717.0,Boleto
331,2024-04-05,Cliente_82,Salvador,Teclado Mecânico,Acessórios,2,507.0,Boleto
332,2024-02-05,Cliente_97,Salvador,Impressora HP,Periféricos,2,1067.0,Boleto
333,2024-10-31,Cliente_52,Goiânia,Teclado Mecânico,Acessórios,1,677.0,Débito
334,2024-02-04,Cliente_182,Curitiba,Headset Gamer,Acessórios,1,572.0,Boleto
335,2024-12-11,Cliente_173,Porto Alegre,Mouse Gamer,Acessórios,1,518.0,Débito
336,2024-04-30,Cliente_169,Belo Horizonte,Mouse Gamer,Acessórios,2,,Boleto
337,2024-07-25,Cliente_154,Porto Alegre,"Monitor 24""",Monitores,1,1719.0,Boleto
338,2024-03-02,Cliente_140,São Paulo,Headset Gamer,Acessórios,5,528.0,Pix
339,2024-10-18,Cliente_22,Rio de Janeiro,Headset Gamer,Acessórios,5,753.0,Débito
340,2024-05-06,Cliente_157,São Paulo,Teclado Mecânico,Acessórios,2,762.0,Boleto
341,2024-10-23,Cliente_3,Rio de Janeiro,Teclado Mecânico,Acessórios,4,208.0,Pix
342,2024-10-31,Cliente_143,Goiânia,Samsung Galaxy S23,Celulares,5,4124.0,Débito
343,2024-01-21,Cliente_119,Goiânia,"Monitor 27""",Monitores,3,1601.0,Débito
344,2024-11-13,Cliente_27,Salvador,Teclado Mecânico,Acessórios,1,594.0,Boleto
345,2024-02-11,Cliente_187,Belo Horizonte,Notebook Lenovo,Notebooks,1,6405.0,Pix
346,31-02-2024,Cliente_53,Brasília,Mouse Gamer,Acessórios,3,566.0,Boleto
347,2024-12-02,Cliente_113,Porto Alegre,Teclado Mecânico,Acessórios,4,199.0,Pix
348,2024-10-25,Cliente_182,Rio de Janeiro,Notebook Lenovo,Notebooks,3,3183.0,Crédito
349,2024-10-16,Cliente_43,Curitiba,Teclado Mecânico,Acessórios,1,793.0,Débito
350,2024-09-24,Cliente_144,Recife,Headset Gamer,Acessórios,2,438.0,Boleto
351,2024-06-10,Cliente_48,Belo Horizonte,Samsung Galaxy S23,Celulares,4,4579.0,Boleto
352,2024-05-13,Cliente_116,Goiânia,"Monitor 24""",Monitores,1,1204.0,Boleto
353,2024-04-14,Cliente_53,Salvador,"Monitor 24""",Monitores,1,1239.0,Crédito
354,2024-12-08,Cliente_48,Fortaleza,Impressora HP,Periféricos,1,1499.0,Pix
355,31-02-2024,Cliente_68,Porto Alegre,Samsung Galaxy S23,Celulares,4,2466.0,Pix
356,2024-05-02,Cliente_151,Rio de Janeiro,Impressora HP,Periféricos,4,1203.0,
357,2024-05-15,Cliente_45,Salvador,Teclado Mecânico,Acessórios,4,732.0,Crédito
358,2024-07-21,Cliente_62,Salvador,iPhone 14,Celulares,3,2482.0,Crédito
359,2024-03-08,Cliente_37,Brasília,iPhone 14,Celulares,3,4840.0,Boleto
360,2024-12-09,Cliente_148,Recife,"Monitor 24""",Monitores,5,1082.0,Boleto
361,2024-11-26,Cliente_138,Belo Horizonte,iPhone 14,Celulares,4,4603.0,Débito
362,2024-06-02,Cliente_48,,"Monitor 27""",Monitores,3,1087.0,Boleto
363,2024-08-22,Cliente_3,Porto Alegre,Impressora HP,Periféricos,1,1135.0,Débito
364,2024-06-10,Cliente_130,Porto Alegre,Samsung Galaxy S23,Celulares,4,4300.0,Boleto
365,2024-02-07,Cliente_126,Belo Horizonte,"Monitor 27""",Monitores,4,1709.0,Crédito
366,2024-01-05,Cliente_75,São Paulo,Impressora HP,Periféricos,1,851.0,Pix
367,2024-08-22,Cliente_44,Porto Alegre,Samsung Galaxy S23,Celulares,5,3182.0,Boleto
368,2024-11-14,Cliente_147,Rio de Janeiro,Headset Gamer,Acessórios,5,215.0,Pix
369,2024-10-15,Cliente_194,São Paulo,Headset Gamer,Acessórios,3,655.0,
370,2024-02-21,Cliente_27,Curitiba,Headset Gamer,Acessórios,2,535.0,Pix
371,2024-02-07,Cliente_90,Rio de Janeiro,Notebook Dell,Notebooks,4,4076.0,Boleto
372,2024-10-02,,Goiânia,Notebook Lenovo,Notebooks,2,3859.0,Pix
373,2024-04-19,Cliente_158,Belo Horizonte,Impressora HP,Periféricos,4,739.0,Débito
374,2024-09-16,Cliente_90,Brasília,Samsung Galaxy S23,Celulares,1,4335.0,Pix
375,2024-05-15,Cliente_83,Salvador,Impressora HP,Periféricos,5,744.0,Pix
376,2024-03-08,Cliente_174,Rio de Janeiro,Impressora HP,Periféricos,3,1453.0,Débito
377,2024-06-27,Cliente_168,Belo Horizonte,"Monitor 24""",Monitores,1,1367.0,Débito
378,2024-02-05,Cliente_83,Curitiba,Samsung Galaxy S23,Celulares,2,4913.0,Boleto
379,2024-05-05,Cliente_162,Salvador,"Monitor 27""",Monitores,2,1982.0,Boleto
380,2024-07-08,Cliente_163,Rio de Janeiro,"Monitor 24""",Monitores,4,954.0,Boleto
381,2024-05-25,Cliente_117,Porto Alegre,Headset Gamer,Acessórios,3,477.0,Pix
382,2024-03-21,Cliente_188,Porto Alegre,Impressora HP,Periféricos,1,590.0,Pix
383,2024-08-12,Cliente_56,Recife,Notebook Lenovo,Notebooks,5,4629.0,Débito
384,2024-10-05,Cliente_73,Fortaleza,"Monitor 27""",Monitores,3,1461.0,Débito
385,2024-12-26,Cliente_175,São Paulo,Impressora HP,Periféricos,4,1103.0,Crédito
386,data_invalida,Cliente_32,Belo Horizonte,Notebook Lenovo,Notebooks,4,3066.0,Boleto
387,2024-11-09,Cliente_52,Belo Horizonte,"Monitor 27""",Monitores,1,1676.0,Pix
388,2024-11-30,Cliente_168,Fortaleza,iPhone 14,Celulares,3,2382.0,Pix
389,data_invalida,Cliente_167,Belo Horizonte,Notebook Lenovo,Notebooks,3,5721.0,Crédito
390,2024-01-05,Cliente_110,Rio de Janeiro,"Monitor 24""",Monitores,3,,Crédito
391,2024-12-07,Cliente_20,Belo Horizonte,Notebook Dell,Notebooks,2,4953.0,Débito
392,2024-10-10,Cliente_3,Fortaleza,Headset Gamer,Acessórios,4,109.0,Crédito
393,2024/15/01,Cliente_19,Curitiba,"Monitor 24""",Monitores,2,1778.0,Boleto
394,2024-12-05,Cliente_81,,Notebook Lenovo,Notebooks,1,3422.0,Pix
395,2024-02-23,Cliente_165,Belo Horizonte,iPhone 14,Celulares,4,2545.0,Crédito
396,2024-03-09,Cliente_157,Belo Horizonte,Headset Gamer,Acessórios,5,,Boleto
397,2024-05-15,Cliente_192,Belo Horizonte,Teclado Mecânico,Acessórios,2,743.0,Boleto
398,2024-02-29,Cliente_23,Rio de Janeiro,Impressora HP,Periféricos,4,844.0,Débito
399,2024-02-24,Cliente_99,Fortaleza,Notebook Lenovo,Notebooks,5,5990.0,Boleto
400,2024-10-10,Cliente_71,Rio de Janeiro,Teclado Mecânico,Acessórios,2,353.0,Débito
401,2024-03-20,Cliente_185,Goiânia,Headset Gamer,Acessórios,5,714.0,Pix
402,2024-05-19,Cliente_133,Goiânia,Notebook Dell,Notebooks,3,3841.0,Débito
403,2024-05-24,Cliente_62,Porto Alegre,"Monitor 24""",Monitores,3,911.0,Boleto
404,2024-11-05,Cliente_164,Goiânia,Notebook Lenovo,Notebooks,2,5046.0,Crédito
405,2024-04-17,Cliente_82,Belo Horizonte,Headset Gamer,Acessórios,1,469.0,Boleto
406,2024-06-24,Cliente_140,Belo Horizonte,Impressora HP,Periféricos,4,1148.0,Boleto
407,2024-04-14,Cliente_18,São Paulo,Notebook Lenovo,Notebooks,1,5405.0,Pix
408,2024-12-17,Cliente_102,Brasília,Samsung Galaxy S23,Celulares,1,2247.0,Pix
409,2024-11-20,Cliente_180,Recife,Headset Gamer,Acessórios,4,533.0,Crédito
410,2024-05-15,Cliente_40,Salvador,Headset Gamer,Acessórios,5,730.0,
411,2024-09-15,Cliente_53,Belo Horizonte,Mouse Gamer,Acessórios,1,623.0,Pix
412,2024-09-07,,Recife,"Monitor 24""",Monitores,5,935.0,Débito
413,2024-05-08,Cliente_112,Rio de Janeiro,Notebook Dell,Notebooks,2,3353.0,Boleto
414,2024-01-27,Cliente_80,Belo Horizonte,Impressora HP,Periféricos,5,512.0,Crédito
415,2024-02-17,Cliente_3,Belo Horizonte,Notebook Dell,Notebooks,2,5873.0,Boleto
416,2024-11-20,Cliente_185,Salvador,Teclado Mecânico,Acessórios,5,629.0,Débito
417,2024-08-04,Cliente_188,Rio de Janeiro,Teclado Mecânico,Acessórios,2,375.0,Crédito
418,2024-05-21,Cliente_135,Rio de Janeiro,Teclado Mecânico,Acessórios,4,378.0,Pix
419,2024-01-23,Cliente_117,Brasília,Impressora HP,Periféricos,1,1416.0,Pix
420,2024-01-02,Cliente_146,Belo Horizonte,Notebook Dell,Notebooks,4,6519.0,Pix
421,2024-06-19,Cliente_147,,iPhone 14,Celulares,3,2421.0,Débito
422,2024-03-07,Cliente_4,Curitiba,Headset Gamer,Acessórios,1,145.0,Crédito
423,2024-11-22,Cliente_39,Belo Horizonte,"Monitor 27""",Monitores,3,1584.0,Crédito
424,10/45/2024,Cliente_83,Curitiba,Headset Gamer,Acessórios,4,329.0,Boleto
425,2024-03-23,Cliente_147,Fortaleza,Teclado Mecânico,Acessórios,3,179.0,Crédito
426,2024-08-14,Cliente_58,Brasília,Headset Gamer,Acessórios,1,283.0,Crédito
427,2024-10-09,Cliente_73,Salvador,"Monitor 24""",Monitores,1,1752.0,Pix
428,2024-12-27,Cliente_3,Fortaleza,Notebook Lenovo,Notebooks,5,4870.0,Débito
429,data_invalida,Cliente_190,Goiânia,Mouse Gamer,Acessórios,5,411.0,Débito
430,2024-10-14,Cliente_198,Curitiba,"Monitor 27""",Monitores,3,1810.0,Débito
431,2024-01-05,Cliente_7,Curitiba,iPhone 14,Celulares,1,3679.0,Pix
432,2024-02-27,Cliente_195,Recife,Notebook Dell,Notebooks,3,3005.0,Pix
433,2024-02-08,Cliente_61,Recife,Notebook Lenovo,Notebooks,2,5170.0,Boleto
434,2024-12-19,Cliente_72,Rio de Janeiro,Notebook Dell,Notebooks,2,5914.0,Crédito
435,2024-03-17,Cliente_180,Fortaleza,Samsung Galaxy S23,Celulares,5,3691.0,Boleto
436,2024-10-06,Cliente_130,Belo Horizonte,Notebook Lenovo,Notebooks,5,3391.0,Boleto
437,2024-01-19,Cliente_16,Recife,Notebook Lenovo,Notebooks,5,5325.0,Débito
438,2024-07-08,Cliente_81,Recife,Samsung Galaxy S23,Celulares,3,3069.0,Pix
439,2024-10-25,Cliente_60,Rio de Janeiro,Teclado Mecânico,Acessórios,4,378.0,Débito
440,2024-10-09,Cliente_40,Rio de Janeiro,iPhone 14,Celulares,5,2446.0,Débito
441,2024-03-16,Cliente_105,Rio de Janeiro,"Monitor 27""",Monitores,4,1443.0,Pix
442,31-02-2024,Cliente_119,Salvador,Samsung Galaxy S23,Celulares,4,3262.0,Crédito
443,2024-03-06,Cliente_176,Salvador,Notebook Lenovo,Notebooks,2,6307.0,Crédito
444,2024-01-22,Cliente_24,Curitiba,Samsung Galaxy S23,Celulares,3,2607.0,Pix
445,2024-06-06,Cliente_174,,"Monitor 24""",Monitores,5,900.0,Pix
446,2024-07-05,Cliente_116,Brasília,iPhone 14,Celulares,1,3656.0,Débito
447,2024-01-21,Cliente_36,Rio de Janeiro,Notebook Lenovo,Notebooks,4,3417.0,Crédito
448,2024-07-02,Cliente_51,Recife,Notebook Dell,Notebooks,2,3535.0,Pix
449,2024-04-17,Cliente_67,Rio de Janeiro,Notebook Lenovo,Notebooks,5,5400.0,Crédito
450,2024-12-15,Cliente_166,Porto Alegre,Notebook Lenovo,Notebooks,2,6696.0,Débito
451,2024-05-07,Cliente_11,Porto Alegre,Notebook Lenovo,Notebooks,3,3501.0,Crédito
452,2024-12-07,Cliente_186,Recife,iPhone 14,Celulares,5,3774.0,Boleto
453,2024-02-22,Cliente_110,Belo Horizonte,Notebook Dell,Notebooks,4,5798.0,Pix
454,2024-06-30,Cliente_72,Porto Alegre,Samsung Galaxy S23,Celulares,2,3126.0,Débito
455,2024-10-13,Cliente_158,Curitiba,Notebook Dell,Notebooks,5,5536.0,Pix
456,2024-07-27,Cliente_123,São Paulo,"Monitor 27""",Monitores,4,1927.0,Crédito
457,2024-11-13,Cliente_108,,Mouse Gamer,Acessórios,4,240.0,Débito
458,2024-03-20,Cliente_183,Fortaleza,Headset Gamer,Acessórios,1,491.0,Boleto
459,2024-05-01,Cliente_145,Brasília,Headset Gamer,Acessórios,4,452.0,Pix
460,2024-03-24,Cliente_7,Fortaleza,"Monitor 24""",Monitores,3,1168.0,Débito
461,2024-03-31,Cliente_121,Brasília,Notebook Dell,Notebooks,3,3239.0,Pix
462,2024-07-30,Cliente_26,Curitiba,Impressora HP,Periféricos,2,726.0,Débito
463,2024-01-13,Cliente_196,Curitiba,Mouse Gamer,Acessórios,5,157.0,Boleto
464,2024-04-01,Cliente_61,Goiânia,Teclado Mecânico,Acessórios,2,280.0,Pix
465,2024-06-19,Cliente_181,Fortaleza,Teclado Mecânico,Acessórios,5,128.0,Débito
466,2024-07-29,Cliente_139,Salvador,Impressora HP,Periféricos,2,1408.0,Débito
467,2024-12-08,Cliente_15,Curitiba,"Monitor 27""",Monitores,1,984.0,Débito
468,2024-05-07,Cliente_1,Fortaleza,Notebook Dell,Notebooks,5,4957.0,Débito
469,2024-05-16,Cliente_46,Fortaleza,iPhone 14,Celulares,3,4936.0,
470,2024-03-22,Cliente_181,,Notebook Dell,Notebooks,2,5402.0,Crédito
471,2024-12-25,Cliente_96,Recife,Headset Gamer,Acessórios,3,174.0,Crédito
472,10/45/2024,Cliente_35,Belo Horizonte,Teclado Mecânico,Acessórios,3,,Boleto
473,2024-07-14,Cliente_182,Brasília,"Monitor 27""",Monitores,3,1156.0,Pix
474,2024-01-20,Cliente_97,Salvador,Samsung Galaxy S23,Celulares,5,2718.0,Pix
475,2024-08-28,Cliente_1,Goiânia,iPhone 14,Celulares,2,4985.0,Boleto
476,2024-04-23,Cliente_155,Fortaleza,Impressora HP,Periféricos,1,772.0,Débito
477,2024-04-12,Cliente_37,Fortaleza,Impressora HP,Periféricos,1,1416.0,Crédito
478,2024-08-23,Cliente_43,Rio de Janeiro,Samsung Galaxy S23,Celulares,3,3308.0,Pix
479,2024-06-28,Cliente_54,Curitiba,"Monitor 27""",Monitores,1,1343.0,Crédito
480,2024-06-05,Cliente_185,São Paulo,Teclado Mecânico,Acessórios,3,210.0,Crédito
481,2024-04-26,Cliente_43,Recife,"Monitor 24""",Monitores,4,1659.0,Boleto
482,2024-04-24,Cliente_97,Rio de Janeiro,"Monitor 24""",Monitores,3,1918.0,Boleto
483,2024-01-13,Cliente_116,Rio de Janeiro,Impressora HP,Periféricos,2,733.0,Crédito
484,2024-12-03,Cliente_67,Rio de Janeiro,Mouse Gamer,Acessórios,1,426.0,Crédito
485,2024-04-08,Cliente_42,Rio de Janeiro,Teclado Mecânico,Acessórios,2,484.0,Crédito
486,2024-07-23,Cliente_124,São Paulo,Teclado Mecânico,Acessórios,5,728.0,Boleto
487,2024-06-17,Cliente_41,São Paulo,iPhone 14,Celulares,5,3778.0,Crédito
488,2024-05-22,Cliente_105,Brasília,Teclado Mecânico,Acessórios,2,294.0,Pix
489,2024-02-05,Cliente_25,São Paulo,Mouse Gamer,Acessórios,3,343.0,Boleto
490,2024-05-22,Cliente_40,São Paulo,Impressora HP,Periféricos,5,1405.0,Pix
491,2024-06-28,Cliente_76,Goiânia,Notebook Dell,Notebooks,4,3358.0,Boleto
492,2024-11-24,Cliente_53,Belo Horizonte,Samsung Galaxy S23,Celulares,1,2105.0,Pix
493,2024-09-17,Cliente_30,Salvador,Notebook Lenovo,Notebooks,4,6456.0,Boleto
494,2024-07-23,Cliente_24,Brasília,"Monitor 27""",Monitores,4,1342.0,Boleto
495,2024-12-13,Cliente_95,Belo Horizonte,iPhone 14,Celulares,3,3562.0,Boleto
496,2024-10-01,Cliente_120,Salvador,Notebook Dell,Notebooks,3,4801.0,
497,2024-06-18,Cliente_39,Rio de Janeiro,Mouse Gamer,Acessórios,5,163.0,Crédito
498,2024-01-15,Cliente_194,Goiânia,Teclado Mecânico,Acessórios,5,523.0,Débito
499,2024-02-29,Cliente_134,Recife,Headset Gamer,Acessórios,1,496.0,Boleto
500,2024-05-13,Cliente_77,Rio de Janeiro,Impressora HP,Periféricos,2,1375.0,Boleto
501,2024-04-01,Cliente_133,Goiânia,Notebook Dell,Notebooks,5,5339.0,Débito
502,2024-10-24,Cliente_43,Curitiba,Notebook Lenovo,Notebooks,4,3708.0,Débito
503,2024-13-10,Cliente_21,Recife,iPhone 14,Celulares,1,3734.0,Débito
504,2024-01-20,Cliente_82,Rio de Janeiro,iPhone 14,Celulares,5,3056.0,Crédito
505,2024-02-25,Cliente_142,Fortaleza,"Monitor 24""",Monitores,5,1613.0,Pix
506,2024-11-01,Cliente_180,Goiânia,Headset Gamer,Acessórios,4,112.0,
507,2024-08-10,Cliente_38,Goiânia,Notebook Lenovo,Notebooks,4,3612.0,Crédito
508,2024-06-25,Cliente_26,Salvador,Notebook Lenovo,Notebooks,5,6193.0,Pix
509,2024-06-09,Cliente_168,Porto Alegre,"Monitor 24""",Monitores,3,1584.0,Boleto
510,2024-08-11,Cliente_104,Belo Horizonte,Notebook Dell,Notebooks,2,4128.0,Boleto
511,2024-11-06,Cliente_85,Curitiba,Notebook Dell,Notebooks,4,6643.0,Crédito
512,2024-09-18,Cliente_6,Fortaleza,"Monitor 27""",Monitores,3,1562.0,Pix
513,2024-02-29,Cliente_179,Rio de Janeiro,Mouse Gamer,Acessórios,3,603.0,Débito
514,2024-07-16,,Fortaleza,iPhone 14,Celulares,3,3814.0,Pix
515,2024-10-22,Cliente_49,Porto Alegre,"Monitor 24""",Monitores,5,982.0,Débito
516,2024-04-07,Cliente_96,São Paulo,"Monitor 24""",Monitores,4,1857.0,Débito
517,2024-05-10,Cliente_130,Recife,Notebook Lenovo,Notebooks,3,5906.0,Débito
518,2024-01-23,Cliente_45,Curitiba,Headset Gamer,Acessórios,5,129.0,Débito
519,2024-12-28,Cliente_117,São Paulo,Notebook Dell,Notebooks,2,3135.0,Pix
520,2024-08-11,Cliente_119,Brasília,Samsung Galaxy S23,Celulares,3,3508.0,Boleto
521,2024-01-01,Cliente_96,Porto Alegre,Notebook Lenovo,Notebooks,1,3990.0,Boleto
522,2024-09-23,,Fortaleza,iPhone 14,Celulares,4,4403.0,Pix
523,10/45/2024,Cliente_24,Salvador,iPhone 14,Celulares,3,4821.0,Crédito
524,2024-12-17,Cliente_147,Curitiba,"Monitor 24""",Monitores,1,1133.0,Débito
525,2024-12-09,Cliente_167,Recife,Samsung Galaxy S23,Celulares,2,3102.0,Crédito
526,2024-04-10,Cliente_34,Belo Horizonte,Notebook Dell,Notebooks,4,6733.0,Crédito
527,2024-07-05,Cliente_79,Salvador,Samsung Galaxy S23,Celulares,3,4491.0,Boleto
528,2024-08-08,,Curitiba,"Monitor 24""",Monitores,3,,Boleto
529,2024-02-05,Cliente_102,Goiânia,Mouse Gamer,Acessórios,5,738.0,Crédito
530,2024-12-06,Cliente_96,Brasília,Notebook Dell,Notebooks,5,5713.0,Pix
531,2024-06-18,Cliente_17,Fortaleza,Mouse Gamer,Acessórios,1,593.0,Pix
532,2024-11-15,Cliente_168,Salvador,Teclado Mecânico,Acessórios,3,367.0,Débito
533,2024-06-09,Cliente_15,Goiânia,iPhone 14,Celulares,5,2984.0,Boleto
534,2024-12-05,Cliente_168,Porto Alegre,Teclado Mecânico,Acessórios,2,126.0,Pix
535,2024-03-04,Cliente_100,São Paulo,Mouse Gamer,Acessórios,4,514.0,Débito
536,2024-06-02,Cliente_164,Porto Alegre,Teclado Mecânico,Acessórios,2,647.0,Pix
537,2024-09-16,Cliente_169,Brasília,Headset Gamer,Acessórios,3,274.0,Débito
538,data_invalida,Cliente_33,Salvador,Mouse Gamer,Acessórios,1,582.0,Débito
539,2024-12-07,Cliente_91,Curitiba,Teclado Mecânico,Acessórios,1,327.0,Pix
540,2024/15/01,Cliente_67,Goiânia,"Monitor 24""",Monitores,3,1561.0,Pix
541,2024-06-16,Cliente_14,Goiânia,"Monitor 27""",Monitores,1,1763.0,Crédito
542,2024-07-25,Cliente_31,Recife,"Monitor 27""",Monitores,2,1824.0,Pix
543,2024-12-22,Cliente_36,Curitiba,"Monitor 24""",Monitores,1,1108.0,Pix
544,2024-05-31,Cliente_37,Fortaleza,"Monitor 24""",Monitores,5,1737.0,Débito
545,2024-10-10,Cliente_162,Belo Horizonte,Notebook Lenovo,Notebooks,4,4362.0,Pix
546,2024-03-06,Cliente_71,Curitiba,Notebook Dell,Notebooks,1,4851.0,Débito
547,2024-04-08,Cliente_196,Rio de Janeiro,Impressora HP,Periféricos,2,1402.0,Débito
548,2024-08-03,Cliente_104,Recife,Impressora HP,Periféricos,4,1279.0,Boleto
549,2024/15/01,Cliente_137,Curitiba,"Monitor 24""",Monitores,1,877.0,Pix
550,2024-07-13,,Curitiba,Notebook Dell,Notebooks,3,6100.0,Crédito
551,2024-12-12,Cliente_178,Fortaleza,Notebook Dell,Notebooks,2,3926.0,Pix
552,2024-03-30,Cliente_129,Goiânia,iPhone 14,Celulares,1,3571.0,Pix
553,2024-11-11,Cliente_77,Salvador,iPhone 14,Celulares,1,2187.0,Boleto
554,2024-10-18,Cliente_87,Recife,Headset Gamer,Acessórios,5,636.0,Débito
555,2024-06-03,Cliente_193,Curitiba,Teclado Mecânico,Acessórios,4,467.0,Débito
556,2024-07-26,Cliente_58,Belo Horizonte,"Monitor 24""",Monitores,1,,Débito
557,2024-10-07,Cliente_44,Rio de Janeiro,Notebook Dell,Notebooks,5,5066.0,Pix
558,2024-01-01,Cliente_164,Salvador,Notebook Dell,Notebooks,4,6590.0,Crédito
559,2024-06-04,Cliente_168,São Paulo,Impressora HP,Periféricos,1,621.0,Crédito
560,2024-05-26,Cliente_98,Rio de Janeiro,Notebook Lenovo,Notebooks,4,4819.0,Pix
561,2024-04-17,Cliente_178,São Paulo,"Monitor 27""",Monitores,2,1220.0,Pix
562,data_invalida,Cliente_70,Goiânia,"Monitor 24""",Monitores,1,1865.0,Débito
563,2024-10-23,Cliente_185,,"Monitor 24""",Monitores,1,1847.0,Crédito
564,2024-11-06,Cliente_128,Curitiba,Mouse Gamer,Acessórios,1,208.0,Débito
565,2024-12-01,Cliente_92,Recife,Mouse Gamer,Acessórios,5,306.0,
566,2024-06-13,Cliente_128,Curitiba,iPhone 14,Celulares,1,4245.0,Boleto
567,2024-08-26,Cliente_4,Rio de Janeiro,Teclado Mecânico,Acessórios,2,102.0,Crédito
568,data_invalida,Cliente_24,Brasília,Impressora HP,Periféricos,4,705.0,Crédito
569,2024-08-14,Cliente_60,Porto Alegre,Notebook Lenovo,Notebooks,3,5639.0,Pix
570,2024-12-11,Cliente_26,Belo Horizonte,Mouse Gamer,Acessórios,4,151.0,Crédito
571,2024-04-19,Cliente_81,Recife,Mouse Gamer,Acessórios,3,793.0,Crédito
572,2024-09-18,Cliente_36,Belo Horizonte,Notebook Lenovo,Notebooks,1,3039.0,Pix
573,2024-08-30,Cliente_69,Rio de Janeiro,Teclado Mecânico,Acessórios,4,736.0,Pix
574,2024-03-27,Cliente_103,Recife,Teclado Mecânico,Acessórios,2,216.0,Boleto
575,2024-12-03,Cliente_108,Belo Horizonte,Mouse Gamer,Acessórios,4,589.0,Crédito
576,2024-02-13,Cliente_27,Recife,iPhone 14,Celulares,1,2652.0,Boleto
577,2024-05-25,Cliente_157,Recife,Impressora HP,Periféricos,4,771.0,Pix
578,2024-09-20,Cliente_124,Porto Alegre,Impressora HP,Periféricos,1,667.0,Crédito
579,2024-12-05,Cliente_17,Salvador,"Monitor 24""",Monitores,4,894.0,Pix
580,2024-11-20,Cliente_191,Goiânia,Notebook Dell,Notebooks,5,6143.0,Débito
581,2024-11-13,Cliente_177,Goiânia,Teclado Mecânico,Acessórios,5,635.0,Crédito
582,2024-06-20,Cliente_89,Recife,"Monitor 24""",Monitores,2,1786.0,Débito
583,2024-02-17,Cliente_3,Belo Horizonte,Headset Gamer,Acessórios,5,155.0,Boleto
584,2024-04-30,Cliente_193,Porto Alegre,"Monitor 27""",Monitores,2,953.0,Pix
585,2024-12-10,Cliente_13,Brasília,Samsung Galaxy S23,Celulares,3,3139.0,Débito
586,2024-06-07,Cliente_61,Rio de Janeiro,Headset Gamer,Acessórios,4,512.0,Boleto
587,2024-04-25,Cliente_23,Porto Alegre,"Monitor 27""",Monitores,5,,
588,2024-04-11,Cliente_191,São Paulo,Teclado Mecânico,Acessórios,1,609.0,Crédito
589,2024-03-16,Cliente_143,Brasília,"Monitor 24""",Monitores,4,873.0,Crédito
590,2024-01-13,Cliente_159,Salvador,Notebook Lenovo,Notebooks,5,6945.0,Débito
591,2024-01-24,Cliente_14,Curitiba,"Monitor 27""",Monitores,3,1544.0,Boleto
592,2024-05-05,Cliente_154,Porto Alegre,Teclado Mecânico,Acessórios,5,734.0,Pix
593,2024-08-31,Cliente_195,Curitiba,"Monitor 27""",Monitores,1,999.0,Crédito
594,2024-11-08,Cliente_75,Brasília,Teclado Mecânico,Acessórios,3,748.0,Pix
595,2024-02-07,Cliente_43,Porto Alegre,Notebook Lenovo,Notebooks,1,,Débito
596,2024-08-21,Cliente_157,Curitiba,"Monitor 24""",Monitores,1,1320.0,Débito
597,2024-07-31,Cliente_118,Curitiba,Notebook Lenovo,Notebooks,4,3883.0,Pix
598,2024-11-18,Cliente_163,Goiânia,Notebook Lenovo,Notebooks,4,3190.0,Crédito
599,2024-10-21,Cliente_35,Porto Alegre,"Monitor 27""",Monitores,4,1832.0,Crédito
600,2024-04-09,Cliente_111,Goiânia,Headset Gamer,Acessórios,1,666.0,Boleto
601,2024-12-22,Cliente_45,Belo Horizonte,Headset Gamer,Acessórios,2,692.0,Crédito
602,2024-07-15,Cliente_130,Recife,"Monitor 24""",Monitores,5,1459.0,Boleto
603,2024-09-10,Cliente_102,Fortaleza,Impressora HP,Periféricos,2,960.0,
604,2024-07-23,Cliente_106,Goiânia,"Monitor 27""",Monitores,2,1082.0,
605,2024-05-04,Cliente_162,Curitiba,Headset Gamer,Acessórios,3,666.0,Débito
606,2024-03-16,Cliente_75,Fortaleza,Samsung Galaxy S23,Celulares,5,4926.0,Débito
607,2024-12-01,Cliente_178,Fortaleza,iPhone 14,Celulares,5,4222.0,Crédito
608,2024-12-18,Cliente_150,Goiânia,Teclado Mecânico,Acessórios,5,591.0,Boleto
609,2024-01-03,Cliente_4,Brasília,Headset Gamer,Acessórios,3,532.0,Crédito
610,2024-02-24,Cliente_14,São Paulo,Notebook Dell,Notebooks,4,3595.0,Débito
611,2024-08-05,Cliente_175,Salvador,Mouse Gamer,Acessórios,2,393.0,
612,2024-04-22,Cliente_193,Brasília,Notebook Dell,Notebooks,3,3835.0,Crédito
613,2024-03-31,Cliente_158,Brasília,Teclado Mecânico,Acessórios,4,204.0,
614,2024-12-22,Cliente_131,Salvador,Headset Gamer,Acessórios,4,343.0,Crédito
615,2024-09-22,Cliente_176,Fortaleza,"Monitor 24""",Monitores,4,1653.0,Crédito
616,2024-08-25,Cliente_159,Porto Alegre,Notebook Dell,Notebooks,3,3831.0,Débito
617,2024-01-26,Cliente_190,Goiânia,Teclado Mecânico,Acessórios,5,659.0,Débito
618,2024-10-12,Cliente_46,Rio de Janeiro,Samsung Galaxy S23,Celulares,3,3838.0,Débito
619,2024-05-07,Cliente_97,São Paulo,iPhone 14,Celulares,5,2488.0,Boleto
620,2024-03-03,Cliente_34,Belo Horizonte,Mouse Gamer,Acessórios,5,370.0,Pix
621,2024-08-21,Cliente_182,Belo Horizonte,Notebook Dell,Notebooks,3,4910.0,Crédito
622,2024-03-09,Cliente_14,Goiânia,iPhone 14,Celulares,3,4444.0,Pix
623,2024-08-25,Cliente_92,Rio de Janeiro,"Monitor 27""",Monitores,5,1926.0,Pix
624,2024-12-07,Cliente_134,Rio de Janeiro,Headset Gamer,Acessórios,2,288.0,Débito
625,2024-09-28,Cliente_104,Rio de Janeiro,"Monitor 24""",Monitores,5,1899.0,Pix
626,2024-10-13,Cliente_85,Fortaleza,Samsung Galaxy S23,Celulares,2,4717.0,Pix
627,2024-10-31,,Porto Alegre,Mouse Gamer,Acessórios,2,733.0,Crédito
628,2024-06-11,Cliente_62,Goiânia,Notebook Lenovo,Notebooks,3,4825.0,Débito
629,2024-08-14,Cliente_30,Recife,Notebook Dell,Notebooks,3,4562.0,Pix
630,2024-11-09,Cliente_133,Fortaleza,Headset Gamer,Acessórios,3,125.0,Boleto
631,2024-09-15,Cliente_167,Curitiba,"Monitor 27""",Monitores,1,,Pix
632,2024-08-06,Cliente_43,Brasília,Headset Gamer,Acessórios,1,198.0,Crédito
633,2024-10-07,Cliente_162,Curitiba,Notebook Lenovo,Notebooks,2,5745.0,Boleto
634,2024-08-16,Cliente_180,Recife,Notebook Lenovo,Notebooks,2,5202.0,Crédito
635,2024-03-22,Cliente_184,Fortaleza,iPhone 14,Celulares,1,3880.0,Crédito
636,2024-08-31,Cliente_46,Salvador,Notebook Lenovo,Notebooks,1,3222.0,Crédito
637,2024-08-18,,Recife,Impressora HP,Periféricos,2,929.0,Boleto
638,2024-05-12,Cliente_5,Recife,"Monitor 24""",Monitores,4,1447.0,Crédito
639,data_invalida,Cliente_185,Goiânia,Headset Gamer,Acessórios,1,756.0,Crédito
640,2024-11-22,Cliente_92,Brasília,Impressora HP,Periféricos,1,548.0,Crédito
641,2024-05-21,Cliente_23,Salvador,Mouse Gamer,Acessórios,3,721.0,Boleto
642,2024-09-23,Cliente_122,Belo Horizonte,"Monitor 24""",Monitores,4,863.0,Débito
643,2024-09-05,Cliente_76,Belo Horizonte,iPhone 14,Celulares,4,4235.0,Pix
644,2024-11-16,Cliente_143,Belo Horizonte,Teclado Mecânico,Acessórios,1,666.0,Crédito
645,2024-05-02,Cliente_153,Recife,Notebook Dell,Notebooks,1,5345.0,Crédito
646,2024-05-20,Cliente_55,Recife,Mouse Gamer,Acessórios,2,452.0,Débito
647,2024-08-13,Cliente_158,Salvador,iPhone 14,Celulares,2,2904.0,Débito
648,2024-02-09,Cliente_146,São Paulo,Notebook Lenovo,Notebooks,2,5748.0,Boleto
649,2024-05-26,Cliente_172,Rio de Janeiro,Headset Gamer,Acessórios,1,397.0,Pix
650,2024-04-30,Cliente_149,Porto Alegre,Notebook Lenovo,Notebooks,2,5972.0,Pix
651,2024-05-19,Cliente_168,Curitiba,Teclado Mecânico,Acessórios,2,787.0,Crédito
652,2024-06-20,Cliente_50,Fortaleza,Mouse Gamer,Acessórios,5,171.0,Boleto
653,2024-06-12,Cliente_178,Goiânia,"Monitor 27""",Monitores,3,1426.0,Débito
654,2024-10-03,Cliente_81,Recife,Impressora HP,Periféricos,5,1146.0,Débito
655,2024-02-11,Cliente_57,Recife,Notebook Dell,Notebooks,3,4008.0,Pix
656,2024-03-11,Cliente_188,Fortaleza,Teclado Mecânico,Acessórios,2,795.0,Boleto
657,2024-03-18,Cliente_199,Salvador,"Monitor 27""",Monitores,4,1534.0,Boleto
658,2024-04-28,Cliente_166,Goiânia,Headset Gamer,Acessórios,1,279.0,Crédito
659,2024-07-15,Cliente_51,Salvador,Mouse Gamer,Acessórios,2,651.0,Crédito
660,2024-12-21,Cliente_130,São Paulo,Notebook Lenovo,Notebooks,1,6479.0,Boleto
661,2024-03-19,,Salvador,Impressora HP,Periféricos,2,475.0,Boleto
662,2024-12-27,Cliente_58,Goiânia,iPhone 14,Celulares,3,3607.0,Pix
663,2024-04-19,Cliente_131,Rio de Janeiro,iPhone 14,Celulares,4,4052.0,Boleto
664,2024-02-02,Cliente_170,Curitiba,Teclado Mecânico,Acessórios,5,110.0,Débito
665,2024-07-31,Cliente_41,Belo Horizonte,Headset Gamer,Acessórios,2,556.0,Débito
666,2024-07-27,Cliente_57,Porto Alegre,"Monitor 27""",Monitores,3,882.0,Débito
667,2024-06-18,Cliente_60,São Paulo,Notebook Lenovo,Notebooks,3,,Débito
668,2024-10-04,Cliente_121,Porto Alegre,Headset Gamer,Acessórios,3,497.0,Crédito
669,2024-08-26,Cliente_181,Brasília,Notebook Dell,Notebooks,3,3422.0,Pix
670,2024-07-31,Cliente_146,Belo Horizonte,Mouse Gamer,Acessórios,5,657.0,Boleto
671,2024-02-01,Cliente_133,Salvador,"Monitor 24""",Monitores,3,959.0,Boleto
672,2024-04-15,Cliente_91,Fortaleza,Samsung Galaxy S23,Celulares,5,3662.0,Boleto
673,2024-08-03,Cliente_129,Belo Horizonte,"Monitor 27""",Monitores,5,813.0,Boleto
674,2024-07-18,Cliente_132,Salvador,iPhone 14,Celulares,2,2315.0,Débito
675,2024-10-26,Cliente_93,Goiânia,iPhone 14,Celulares,2,2644.0,Crédito
676,2024-12-22,Cliente_185,Rio de Janeiro,Samsung Galaxy S23,Celulares,4,3352.0,Boleto
677,2024-01-11,Cliente_152,Belo Horizonte,"Monitor 27""",Monitores,4,1231.0,Boleto
678,2024-10-21,Cliente_33,Goiânia,Notebook Dell,Notebooks,2,3176.0,Débito
679,2024-07-13,,Belo Horizonte,iPhone 14,Celulares,5,2160.0,Crédito
680,2024-09-01,Cliente_133,Recife,iPhone 14,Celulares,3,2737.0,Crédito
681,2024-01-04,Cliente_115,Goiânia,Mouse Gamer,Acessórios,1,321.0,Boleto
682,2024-06-29,Cliente_106,Goiânia,"Monitor 27""",Monitores,2,,Débito
683,2024-06-01,Cliente_68,Belo Horizonte,Impressora HP,Periféricos,2,1446.0,Pix
684,2024-07-18,Cliente_59,Recife,"Monitor 27""",Monitores,5,940.0,Boleto
685,2024-08-02,Cliente_52,Brasília,iPhone 14,Celulares,1,2067.0,Boleto
686,2024-10-02,Cliente_46,,iPhone 14,Celulares,5,2394.0,Crédito
687,2024-10-06,Cliente_24,Porto Alegre,Headset Gamer,Acessórios,5,220.0,Débito
688,2024-11-04,Cliente_199,Recife,Impressora HP,Periféricos,5,402.0,Boleto
689,2024-04-22,Cliente_110,Curitiba,Teclado Mecânico,Acessórios,1,,Boleto
690,2024-09-06,Cliente_26,Recife,"Monitor 24""",Monitores,3,1979.0,Débito
691,2024-04-22,Cliente_22,Salvador,Mouse Gamer,Acessórios,4,338.0,Boleto
692,2024/15/01,Cliente_182,São Paulo,Mouse Gamer,Acessórios,2,105.0,Crédito
693,2024-08-11,Cliente_168,,Headset Gamer,Acessórios,1,484.0,Pix
694,2024-09-05,Cliente_40,Recife,"Monitor 24""",Monitores,3,1018.0,Pix
695,2024-01-15,Cliente_145,Fortaleza,Mouse Gamer,Acessórios,5,533.0,Pix
696,2024-07-18,Cliente_142,Brasília,"Monitor 24""",Monitores,2,1646.0,Boleto
697,2024-06-21,Cliente_143,Porto Alegre,iPhone 14,Celulares,3,4290.0,Pix
698,2024-12-08,Cliente_199,Recife,Mouse Gamer,Acessórios,5,452.0,Débito
699,2024-12-13,Cliente_180,Belo Horizonte,Notebook Lenovo,Notebooks,2,4829.0,Crédito
700,2024-07-26,Cliente_87,Brasília,Samsung Galaxy S23,Celulares,5,3640.0,Crédito
701,2024-03-25,Cliente_2,Rio de Janeiro,iPhone 14,Celulares,4,4604.0,Débito
702,2024-08-27,Cliente_23,Rio de Janeiro,"Monitor 27""",Monitores,5,1691.0,Pix
703,2024-03-06,Cliente_156,São Paulo,Samsung Galaxy S23,Celulares,3,2327.0,Boleto
704,2024-11-14,Cliente_74,Goiânia,"Monitor 24""",Monitores,5,1867.0,Crédito
705,2024-09-30,Cliente_3,Curitiba,iPhone 14,Celulares,4,3798.0,Pix
706,2024-01-14,Cliente_131,Brasília,Samsung Galaxy S23,Celulares,1,4455.0,Débito
707,2024-07-20,Cliente_93,Curitiba,Impressora HP,Periféricos,2,473.0,Crédito
708,2024-10-30,Cliente_200,Recife,iPhone 14,Celulares,1,3130.0,Pix
709,2024-10-15,Cliente_52,Brasília,"Monitor 24""",Monitores,4,2000.0,Crédito
710,2024-12-05,Cliente_73,Brasília,Notebook Lenovo,Notebooks,1,5251.0,Pix
711,2024-01-14,Cliente_156,Curitiba,Teclado Mecânico,Acessórios,3,331.0,Boleto
712,2024-02-12,Cliente_67,Belo Horizonte,"Monitor 24""",Monitores,5,809.0,Boleto
713,2024-11-25,Cliente_19,Brasília,Headset Gamer,Acessórios,1,672.0,Pix
714,2024-08-07,Cliente_66,Brasília,Teclado Mecânico,Acessórios,1,625.0,Pix
715,2024-03-10,Cliente_124,Curitiba,"Monitor 27""",Monitores,4,1953.0,Pix
716,2024-08-24,Cliente_124,Rio de Janeiro,"Monitor 27""",Monitores,4,856.0,Pix
717,2024-04-03,Cliente_57,Curitiba,Notebook Lenovo,Notebooks,4,5595.0,Pix
718,2024-01-26,Cliente_138,São Paulo,"Monitor 24""",Monitores,3,1857.0,Pix
719,2024-05-13,Cliente_103,Fortaleza,Samsung Galaxy S23,Celulares,3,2380.0,Crédito
720,2024-07-13,Cliente_81,Fortaleza,Headset Gamer,Acessórios,2,587.0,Débito
721,2024-06-16,Cliente_192,Curitiba,Impressora HP,Periféricos,3,774.0,Boleto
722,2024-04-18,Cliente_68,Curitiba,Samsung Galaxy S23,Celulares,2,2991.0,Débito
723,2024-08-20,Cliente_92,Belo Horizonte,Samsung Galaxy S23,Celulares,2,4533.0,Crédito
724,2024-06-16,Cliente_170,Porto Alegre,Notebook Lenovo,Notebooks,1,5768.0,Crédito
725,2024-06-21,Cliente_96,Goiânia,Headset Gamer,Acessórios,1,593.0,Pix
726,2024-07-13,Cliente_126,Belo Horizonte,"Monitor 27""",Monitores,5,1362.0,Pix
727,2024-05-22,Cliente_33,São Paulo,"Monitor 24""",Monitores,2,1981.0,Boleto
728,2024-08-03,Cliente_129,Fortaleza,"Monitor 27""",Monitores,5,866.0,Boleto
729,2024-05-09,Cliente_179,Brasília,iPhone 14,Celulares,4,2493.0,Boleto
730,10/45/2024,Cliente_173,,Teclado Mecânico,Acessórios,1,112.0,Boleto
731,31-02-2024,Cliente_93,Goiânia,Impressora HP,Periféricos,1,1066.0,Pix
732,2024-01-10,Cliente_61,Salvador,iPhone 14,Celulares,5,3076.0,Boleto
733,2024-10-03,Cliente_48,Porto Alegre,Impressora HP,Periféricos,3,,Boleto
734,2024-01-27,Cliente_193,Fortaleza,Samsung Galaxy S23,Celulares,4,4870.0,Pix
735,2024-06-28,Cliente_47,Goiânia,"Monitor 24""",Monitores,3,1723.0,Débito
736,2024-04-24,Cliente_185,Salvador,Impressora HP,Periféricos,2,604.0,Débito
737,2024-11-28,Cliente_51,Belo Horizonte,Headset Gamer,Acessórios,4,490.0,Débito
738,2024-02-05,,Porto Alegre,"Monitor 27""",Monitores,1,1161.0,Débito
739,2024-11-29,Cliente_125,,Headset Gamer,Acessórios,5,423.0,Pix
740,2024-01-21,Cliente_102,Rio de Janeiro,Headset Gamer,Acessórios,5,148.0,Débito
741,2024-01-16,,Porto Alegre,Notebook Dell,Notebooks,2,6333.0,Crédito
742,2024-05-06,Cliente_93,Fortaleza,"Monitor 27""",Monitores,3,1332.0,Pix
743,2024-04-12,Cliente_32,Fortaleza,Teclado Mecânico,Acessórios,1,521.0,Débito
744,2024-01-11,Cliente_200,Salvador,Impressora HP,Periféricos,5,757.0,Pix
745,2024-11-14,Cliente_199,Porto Alegre,Teclado Mecânico,Acessórios,5,599.0,Crédito
746,2024-03-19,Cliente_119,Belo Horizonte,"Monitor 24""",Monitores,5,1386.0,Débito
747,2024-05-02,Cliente_157,Goiânia,Teclado Mecânico,Acessórios,4,746.0,Boleto
748,2024-03-05,Cliente_88,Curitiba,Notebook Lenovo,Notebooks,1,3663.0,Pix
749,2024-08-30,Cliente_155,Recife,Teclado Mecânico,Acessórios,3,373.0,Pix
750,2024-12-08,Cliente_116,Recife,"Monitor 27""",Monitores,3,1866.0,Débito
751,2024-02-28,Cliente_187,Curitiba,iPhone 14,Celulares,1,,Pix
752,2024/15/01,Cliente_102,Rio de Janeiro,Notebook Lenovo,Notebooks,2,3683.0,Crédito
753,2024-04-21,Cliente_14,São Paulo,Notebook Lenovo,Notebooks,4,5246.0,Boleto
754,2024-08-26,Cliente_68,Goiânia,Headset Gamer,Acessórios,1,206.0,Débito
755,2024-12-24,Cliente_59,Curitiba,Notebook Lenovo,Notebooks,4,4267.0,Pix
756,2024-05-11,Cliente_135,Belo Horizonte,"Monitor 27""",Monitores,2,1068.0,Crédito
757,2024-07-07,Cliente_84,Porto Alegre,Notebook Dell,Notebooks,3,6524.0,Boleto
758,2024-03-26,Cliente_114,Belo Horizonte,Headset Gamer,Acessórios,3,661.0,Débito
759,2024-11-06,Cliente_162,Goiânia,Impressora HP,Periféricos,5,1335.0,Boleto
760,2024-11-06,Cliente_89,Porto Alegre,Headset Gamer,Acessórios,5,417.0,Débito
761,2024-02-28,Cliente_94,Recife,Notebook Lenovo,Notebooks,4,4261.0,Pix
762,2024-03-24,,Brasília,iPhone 14,Celulares,3,2043.0,Débito
763,2024-06-08,Cliente_137,São Paulo,Teclado Mecânico,Acessórios,3,580.0,Boleto
764,2024-02-25,Cliente_197,Recife,"Monitor 27""",Monitores,3,818.0,Pix
765,2024-10-23,Cliente_141,Fortaleza,Impressora HP,Periféricos,2,414.0,Débito
766,2024-01-14,Cliente_102,Curitiba,"Monitor 24""",Monitores,5,1695.0,Débito
767,2024/15/01,Cliente_68,Rio de Janeiro,"Monitor 24""",Monitores,4,,Boleto
768,2024-10-21,Cliente_178,Salvador,Samsung Galaxy S23,Celulares,5,4511.0,Pix
769,2024-12-12,Cliente_49,Rio de Janeiro,Headset Gamer,Acessórios,3,522.0,Débito
770,2024-07-11,Cliente_164,Porto Alegre,iPhone 14,Celulares,3,,Boleto
771,2024-07-22,Cliente_49,Fortaleza,Mouse Gamer,Acessórios,5,603.0,Crédito
772,2024-04-11,Cliente_6,Belo Horizonte,iPhone 14,Celulares,1,4191.0,Crédito
773,2024-02-08,Cliente_184,Porto Alegre,Mouse Gamer,Acessórios,3,228.0,Crédito
774,2024-10-30,Cliente_4,Porto Alegre,Samsung Galaxy S23,Celulares,1,2617.0,Débito
775,2024-12-19,Cliente_128,Fortaleza,Teclado Mecânico,Acessórios,4,419.0,Boleto
776,2024-11-17,Cliente_193,Belo Horizonte,Notebook Dell,Notebooks,3,3328.0,Crédito
777,2024-05-04,Cliente_140,Porto Alegre,Mouse Gamer,Acessórios,4,173.0,Débito
778,2024-02-22,Cliente_4,Rio de Janeiro,Samsung Galaxy S23,Celulares,3,3562.0,Débito
779,2024-12-22,Cliente_189,São Paulo,"Monitor 24""",Monitores,4,1306.0,Débito
780,2024-06-03,Cliente_171,Curitiba,"Monitor 27""",Monitores,1,1867.0,Boleto
781,2024-12-16,Cliente_41,São Paulo,"Monitor 24""",Monitores,3,1461.0,Crédito
782,2024-11-03,Cliente_77,Curitiba,Mouse Gamer,Acessórios,4,753.0,Pix
783,2024-03-02,Cliente_29,Curitiba,Notebook Dell,Notebooks,2,6986.0,Boleto
784,2024-10-16,Cliente_71,Goiânia,Teclado Mecânico,Acessórios,1,271.0,Crédito
785,2024-01-22,Cliente_11,Goiânia,"Monitor 24""",Monitores,2,818.0,Boleto
786,2024-06-26,Cliente_198,Rio de Janeiro,Impressora HP,Periféricos,2,1160.0,Débito
787,2024-09-29,Cliente_176,Goiânia,iPhone 14,Celulares,4,2374.0,Pix
788,2024-08-07,Cliente_166,Belo Horizonte,Notebook Dell,Notebooks,1,4456.0,Crédito
789,2024-12-04,Cliente_82,Brasília,iPhone 14,Celulares,4,2953.0,Pix
790,2024-07-08,Cliente_177,Recife,"Monitor 27""",Monitores,2,843.0,Pix
791,2024-02-05,Cliente_125,Porto Alegre,iPhone 14,Celulares,3,2161.0,Pix
792,2024-09-16,Cliente_146,Belo Horizonte,Headset Gamer,Acessórios,4,294.0,Pix
793,2024-11-27,Cliente_154,Brasília,Teclado Mecânico,Acessórios,4,381.0,Débito
794,2024-06-23,Cliente_116,Salvador,Notebook Lenovo,Notebooks,5,3634.0,Pix
795,2024-01-07,Cliente_1,Brasília,Headset Gamer,Acessórios,3,564.0,Boleto
796,2024-08-03,Cliente_94,Goiânia,iPhone 14,Celulares,1,4538.0,
797,2024-09-07,Cliente_138,Recife,Teclado Mecânico,Acessórios,1,774.0,Débito
798,2024-02-24,Cliente_40,Goiânia,Headset Gamer,Acessórios,4,664.0,Pix
799,2024-08-09,Cliente_83,Rio de Janeiro,Teclado Mecânico,Acessórios,4,756.0,Crédito
800,2024-07-04,Cliente_34,Belo Horizonte,Headset Gamer,Acessórios,1,144.0,Crédito
801,2024-11-21,Cliente_50,Rio de Janeiro,Samsung Galaxy S23,Celulares,1,3988.0,Crédito
802,2024-08-23,Cliente_135,Goiânia,Impressora HP,Periféricos,4,1403.0,Pix
803,2024-12-28,Cliente_156,Rio de Janeiro,Notebook Dell,Notebooks,3,3904.0,Crédito
804,2024-03-19,Cliente_120,São Paulo,Samsung Galaxy S23,Celulares,4,,Pix
805,2024-08-10,Cliente_182,São Paulo,Headset Gamer,Acessórios,4,477.0,Pix
806,2024-03-31,Cliente_78,Rio de Janeiro,Headset Gamer,Acessórios,1,172.0,Débito
807,2024-09-24,Cliente_186,Curitiba,Headset Gamer,Acessórios,1,203.0,Boleto
808,2024-11-29,Cliente_169,Curitiba,Samsung Galaxy S23,Celulares,2,4155.0,Débito
809,2024-05-18,Cliente_192,Rio de Janeiro,Headset Gamer,Acessórios,5,525.0,Pix
810,2024-11-11,Cliente_43,Belo Horizonte,"Monitor 27""",Monitores,4,1013.0,Boleto
811,2024-10-02,Cliente_41,Brasília,Headset Gamer,Acessórios,3,773.0,Boleto
812,2024-09-04,,Fortaleza,Teclado Mecânico,Acessórios,3,663.0,Boleto
813,2024-08-26,Cliente_145,,"Monitor 24""",Monitores,3,1292.0,Débito
814,2024-08-11,Cliente_93,Porto Alegre,"Monitor 24""",Monitores,5,1320.0,Boleto
815,2024-10-30,Cliente_73,Goiânia,"Monitor 24""",Monitores,1,870.0,Crédito
816,2024-05-17,Cliente_2,Salvador,Headset Gamer,Acessórios,2,409.0,Débito
817,2024-06-14,Cliente_198,Salvador,Samsung Galaxy S23,Celulares,3,2088.0,Débito
818,2024-05-05,Cliente_92,Belo Horizonte,Notebook Lenovo,Notebooks,1,4885.0,Débito
819,2024-13-10,Cliente_64,Curitiba,Mouse Gamer,Acessórios,3,696.0,Pix
820,2024-05-22,Cliente_103,Goiânia,Mouse Gamer,Acessórios,1,684.0,Débito
821,2024-08-18,Cliente_124,Belo Horizonte,Notebook Lenovo,Notebooks,3,6247.0,Boleto
822,data_invalida,Cliente_10,Goiânia,Impressora HP,Periféricos,1,1015.0,Boleto
823,2024-08-25,Cliente_198,Fortaleza,Notebook Lenovo,Notebooks,1,6775.0,
824,2024-10-18,Cliente_198,Curitiba,"Monitor 24""",Monitores,4,1046.0,Crédito
825,2024-11-08,Cliente_135,São Paulo,"Monitor 24""",Monitores,1,1424.0,Pix
826,2024-12-08,Cliente_84,Brasília,Headset Gamer,Acessórios,5,253.0,Débito
827,2024-07-13,Cliente_188,Recife,iPhone 14,Celulares,1,4759.0,Boleto
828,2024-06-21,Cliente_24,Curitiba,Impressora HP,Periféricos,5,1433.0,Boleto
829,2024-01-15,Cliente_34,Fortaleza,Mouse Gamer,Acessórios,4,251.0,Crédito
830,2024-09-10,Cliente_141,Recife,"Monitor 27""",Monitores,5,900.0,Pix
831,2024-06-15,Cliente_112,Belo Horizonte,Notebook Lenovo,Notebooks,4,5055.0,Débito
832,2024-04-03,Cliente_125,Recife,"Monitor 27""",Monitores,5,1205.0,Débito
833,2024-09-06,Cliente_64,Curitiba,Headset Gamer,Acessórios,5,636.0,Crédito
834,2024-04-18,Cliente_176,Goiânia,Mouse Gamer,Acessórios,4,,Crédito
835,2024-06-30,Cliente_94,Fortaleza,Notebook Lenovo,Notebooks,4,4734.0,Débito
836,2024-05-12,Cliente_168,São Paulo,Teclado Mecânico,Acessórios,3,708.0,Pix
837,2024-06-23,Cliente_114,Goiânia,iPhone 14,Celulares,3,4524.0,Débito
838,2024-05-23,Cliente_52,Fortaleza,"Monitor 27""",Monitores,1,1278.0,Débito
839,2024-11-01,Cliente_14,Curitiba,Notebook Lenovo,Notebooks,1,6029.0,Débito
840,2024-12-25,Cliente_178,Rio de Janeiro,Mouse Gamer,Acessórios,1,451.0,Pix
841,2024-05-21,Cliente_85,Curitiba,"Monitor 27""",Monitores,4,846.0,Débito
842,2024-10-11,Cliente_193,Salvador,Samsung Galaxy S23,Celulares,5,4143.0,Boleto
843,2024-01-06,Cliente_97,Goiânia,Impressora HP,Periféricos,2,437.0,Crédito
844,2024-09-21,Cliente_73,Curitiba,Mouse Gamer,Acessórios,2,161.0,Pix
845,2024-04-07,Cliente_3,Rio de Janeiro,Notebook Dell,Notebooks,4,5681.0,Boleto
846,2024-02-13,Cliente_5,Salvador,Mouse Gamer,Acessórios,3,210.0,Boleto
847,2024-05-03,Cliente_182,Rio de Janeiro,Samsung Galaxy S23,Celulares,4,4082.0,Pix
848,2024-07-27,Cliente_23,Belo Horizonte,"Monitor 27""",Monitores,5,1888.0,Débito
849,2024-09-07,Cliente_183,São Paulo,Headset Gamer,Acessórios,4,674.0,Crédito
850,2024-10-11,Cliente_86,Porto Alegre,Samsung Galaxy S23,Celulares,5,3248.0,Boleto
851,2024-05-03,Cliente_176,Fortaleza,iPhone 14,Celulares,1,3420.0,Pix
852,2024-12-19,Cliente_71,São Paulo,Mouse Gamer,Acessórios,2,613.0,Pix
853,2024-08-31,Cliente_72,Curitiba,"Monitor 24""",Monitores,1,1936.0,Débito
854,2024-11-26,Cliente_36,Rio de Janeiro,Teclado Mecânico,Acessórios,4,772.0,Boleto
855,2024-12-30,Cliente_176,Curitiba,Headset Gamer,Acessórios,5,740.0,Boleto
856,2024-09-08,Cliente_110,,Samsung Galaxy S23,Celulares,5,2625.0,Pix
857,2024-08-17,Cliente_53,Belo Horizonte,"Monitor 27""",Monitores,5,1069.0,Débito
858,2024-01-09,Cliente_181,,iPhone 14,Celulares,3,4820.0,Débito
859,2024-02-17,Cliente_41,Fortaleza,"Monitor 24""",Monitores,2,1956.0,Crédito
860,2024-05-30,,Fortaleza,Headset Gamer,Acessórios,5,221.0,Débito
861,2024-04-23,Cliente_106,Recife,Notebook Dell,Notebooks,3,6605.0,
862,2024-07-26,Cliente_200,,"Monitor 27""",Monitores,3,1111.0,Crédito
863,2024-12-20,Cliente_196,Goiânia,iPhone 14,Celulares,2,2107.0,Pix
864,2024-05-04,Cliente_153,Curitiba,Impressora HP,Periféricos,5,872.0,Débito
865,2024-06-05,Cliente_177,Porto Alegre,Notebook Dell,Notebooks,3,3325.0,
866,2024-12-05,Cliente_183,Fortaleza,Headset Gamer,Acessórios,5,580.0,Débito
867,2024-10-24,Cliente_36,Belo Horizonte,"Monitor 24""",Monitores,4,1770.0,Débito
868,2024-07-07,Cliente_196,São Paulo,Samsung Galaxy S23,Celulares,1,3673.0,Pix
869,2024-08-30,Cliente_194,Curitiba,"Monitor 24""",Monitores,2,1215.0,Crédito
870,2024-10-10,Cliente_126,Fortaleza,iPhone 14,Celulares,4,4527.0,Boleto
871,2024-09-28,Cliente_199,,Samsung Galaxy S23,Celulares,4,3658.0,Boleto
872,2024-06-25,Cliente_191,Goiânia,Teclado Mecânico,Acessórios,4,726.0,Crédito
873,2024-08-05,Cliente_117,São Paulo,Headset Gamer,Acessórios,1,562.0,Débito
874,2024-10-08,Cliente_189,São Paulo,Headset Gamer,Acessórios,5,505.0,Boleto
875,2024-06-18,Cliente_75,Porto Alegre,Headset Gamer,Acessórios,1,294.0,Boleto
876,2024-06-29,Cliente_43,Recife,Mouse Gamer,Acessórios,3,572.0,Pix
877,2024-12-25,Cliente_37,Porto Alegre,Impressora HP,Periféricos,1,1458.0,Boleto
878,2024-08-20,Cliente_47,Goiânia,Notebook Lenovo,Notebooks,5,3463.0,Débito
879,2024-05-18,Cliente_116,São Paulo,"Monitor 24""",Monitores,4,1462.0,Débito
880,2024-06-05,Cliente_117,Rio de Janeiro,"Monitor 27""",Monitores,5,1213.0,Pix
881,2024-05-08,Cliente_24,Rio de Janeiro,Teclado Mecânico,Acessórios,2,226.0,Boleto
882,2024-04-28,Cliente_182,Recife,Teclado Mecânico,Acessórios,1,636.0,Débito
883,2024-03-02,Cliente_12,Belo Horizonte,"Monitor 24""",Monitores,5,1579.0,Pix
884,2024-04-08,,Belo Horizonte,Impressora HP,Periféricos,2,732.0,Crédito
885,2024-06-10,Cliente_187,Porto Alegre,"Monitor 24""",Monitores,3,1433.0,Pix
886,2024-03-02,Cliente_52,São Paulo,iPhone 14,Celulares,1,2538.0,Pix
887,2024-10-01,Cliente_128,Brasília,Notebook Dell,Notebooks,4,5038.0,Crédito
888,2024-12-19,Cliente_56,Goiânia,Impressora HP,Periféricos,4,887.0,Boleto
889,2024-04-04,Cliente_21,Goiânia,"Monitor 27""",Monitores,4,1704.0,Crédito
890,2024-04-08,Cliente_159,Brasília,Samsung Galaxy S23,Celulares,5,3139.0,Débito
891,2024-04-20,Cliente_15,Fortaleza,Notebook Dell,Notebooks,2,3607.0,Crédito
892,2024-09-04,Cliente_148,Goiânia,iPhone 14,Celulares,1,4732.0,Pix
893,2024-05-21,Cliente_28,Recife,Teclado Mecânico,Acessórios,1,150.0,Débito
894,2024-10-28,Cliente_170,Goiânia,iPhone 14,Celulares,3,4503.0,Débito
895,2024-09-25,Cliente_10,Rio de Janeiro,"Monitor 27""",Monitores,5,1537.0,Pix
896,2024-11-01,Cliente_18,Recife,Teclado Mecânico,Acessórios,3,488.0,Crédito
897,2024-05-24,Cliente_32,Salvador,Mouse Gamer,Acessórios,4,237.0,Pix
898,2024-02-21,Cliente_54,Curitiba,Headset Gamer,Acessórios,4,637.0,Crédito
899,2024-04-09,Cliente_162,Brasília,Notebook Lenovo,Notebooks,5,5988.0,Crédito
900,2024-05-31,,Goiânia,"Monitor 27""",Monitores,5,1388.0,Pix
901,2024-04-26,Cliente_160,Fortaleza,Mouse Gamer,Acessórios,5,688.0,Débito
902,2024-07-03,Cliente_134,Porto Alegre,Impressora HP,Periféricos,5,1416.0,Boleto
903,2024-04-01,,Salvador,iPhone 14,Celulares,5,2953.0,Débito
904,2024-06-03,Cliente_120,Rio de Janeiro,Notebook Dell,Notebooks,1,3098.0,Débito
905,2024/15/01,Cliente_12,Fortaleza,Impressora HP,Periféricos,4,1247.0,Pix
906,2024-12-28,Cliente_164,Curitiba,Headset Gamer,Acessórios,2,111.0,Pix
907,2024-09-30,Cliente_77,Brasília,Mouse Gamer,Acessórios,1,415.0,Pix
908,2024-03-05,Cliente_86,Fortaleza,Notebook Dell,Notebooks,1,5809.0,Boleto
909,2024-05-20,Cliente_45,Curitiba,Impressora HP,Periféricos,5,459.0,Pix
910,2024-01-24,Cliente_10,Belo Horizonte,Teclado Mecânico,Acessórios,4,585.0,Boleto
911,2024-01-28,Cliente_86,Porto Alegre,iPhone 14,Celulares,4,4199.0,Boleto
912,2024-10-10,Cliente_145,Fortaleza,Notebook Dell,Notebooks,5,4226.0,Crédito
913,2024-05-29,Cliente_85,Fortaleza,Samsung Galaxy S23,Celulares,5,4807.0,Crédito
914,2024-12-23,Cliente_87,Recife,iPhone 14,Celulares,3,2127.0,Débito
915,2024-03-05,Cliente_48,Goiânia,Impressora HP,Periféricos,5,1197.0,Crédito
916,2024-11-22,Cliente_70,Recife,Mouse Gamer,Acessórios,3,132.0,Crédito
917,2024-09-08,Cliente_116,Salvador,"Monitor 27""",Monitores,2,1561.0,Débito
918,2024-02-22,Cliente_29,Fortaleza,Headset Gamer,Acessórios,3,279.0,Crédito
919,2024-01-07,Cliente_130,São Paulo,Samsung Galaxy S23,Celulares,1,,Boleto
920,2024-10-20,Cliente_88,Porto Alegre,Headset Gamer,Acessórios,2,294.0,Pix
921,2024-05-25,Cliente_133,Belo Horizonte,Teclado Mecânico,Acessórios,2,200.0,Débito
922,2024-08-28,Cliente_183,Brasília,Notebook Dell,Notebooks,4,4587.0,Crédito
923,2024/15/01,Cliente_12,Goiânia,Notebook Dell,Notebooks,3,6818.0,Crédito
924,2024-08-13,Cliente_27,Brasília,Teclado Mecânico,Acessórios,4,147.0,Pix
925,2024-06-23,Cliente_80,,Notebook Dell,Notebooks,5,6106.0,Pix
926,2024-04-04,Cliente_71,Brasília,Samsung Galaxy S23,Celulares,2,3173.0,Pix
927,2024-01-27,Cliente_39,Belo Horizonte,"Monitor 27""",Monitores,1,1358.0,Pix
928,2024-05-09,Cliente_160,Brasília,Notebook Lenovo,Notebooks,1,6925.0,Crédito
929,2024-09-01,Cliente_141,Fortaleza,Samsung Galaxy S23,Celulares,5,3434.0,Pix
930,2024-02-28,Cliente_63,Belo Horizonte,iPhone 14,Celulares,3,4351.0,Crédito
931,2024-02-03,Cliente_139,Porto Alegre,Mouse Gamer,Acessórios,5,446.0,Crédito
932,2024-07-24,Cliente_173,São Paulo,iPhone 14,Celulares,1,3928.0,Crédito
933,2024-09-08,Cliente_110,Recife,"Monitor 24""",Monitores,1,976.0,Débito
934,2024-02-07,Cliente_158,Fortaleza,Impressora HP,Periféricos,5,1313.0,Pix
935,2024-10-22,Cliente_137,Rio de Janeiro,Teclado Mecânico,Acessórios,2,786.0,Boleto
936,2024-11-18,Cliente_179,Porto Alegre,Impressora HP,Periféricos,2,590.0,Crédito
937,2024-12-17,Cliente_121,Curitiba,"Monitor 27""",Monitores,3,1753.0,Débito
938,2024-01-28,Cliente_94,Recife,iPhone 14,Celulares,5,3056.0,Débito
939,2024-03-18,,São Paulo,Teclado Mecânico,Acessórios,3,564.0,
940,2024-03-17,Cliente_123,Porto Alegre,"Monitor 27""",Monitores,1,1519.0,Débito
941,2024-10-15,Cliente_148,Belo Horizonte,Mouse Gamer,Acessórios,3,718.0,Crédito
942,2024-06-04,Cliente_143,Rio de Janeiro,"Monitor 24""",Monitores,1,1467.0,Pix
943,2024-02-13,Cliente_152,Recife,Headset Gamer,Acessórios,4,510.0,Débito
944,2024-05-07,Cliente_124,Recife,Impressora HP,Periféricos,2,725.0,Crédito
945,2024-03-01,Cliente_111,Recife,Teclado Mecânico,Acessórios,2,705.0,Pix
946,2024-10-12,Cliente_170,Rio de Janeiro,Headset Gamer,Acessórios,2,277.0,Boleto
947,2024-08-01,Cliente_119,Fortaleza,Notebook Lenovo,Notebooks,5,5441.0,Crédito
948,2024-11-06,,Rio de Janeiro,"Monitor 27""",Monitores,2,1430.0,Crédito
949,2024-11-01,Cliente_127,São Paulo,Impressora HP,Periféricos,4,1070.0,Crédito
950,2024-11-12,Cliente_194,São Paulo,Samsung Galaxy S23,Celulares,2,4378.0,Débito
951,2024-04-25,Cliente_75,Recife,iPhone 14,Celulares,4,4176.0,Boleto
952,2024-09-24,Cliente_82,Salvador,Samsung Galaxy S23,Celulares,2,4791.0,Pix
953,2024-07-13,Cliente_150,São Paulo,"Monitor 24""",Monitores,3,982.0,Boleto
954,2024-08-18,Cliente_95,Brasília,iPhone 14,Celulares,3,2255.0,Crédito
955,2024-08-14,Cliente_92,Rio de Janeiro,Notebook Dell,Notebooks,5,6361.0,Pix
956,2024-06-01,Cliente_180,Goiânia,Notebook Dell,Notebooks,2,4768.0,Boleto
957,2024-10-28,Cliente_98,Recife,Teclado Mecânico,Acessórios,4,515.0,Débito
958,2024-08-07,Cliente_49,Brasília,iPhone 14,Celulares,4,2569.0,Boleto
959,2024-06-05,Cliente_74,Belo Horizonte,Teclado Mecânico,Acessórios,4,257.0,Débito
960,2024-10-18,Cliente_5,Belo Horizonte,Notebook Dell,Notebooks,1,5655.0,Boleto
961,2024-11-13,Cliente_36,Recife,"Monitor 24""",Monitores,2,973.0,Boleto
962,2024-01-31,Cliente_117,Brasília,Impressora HP,Periféricos,4,768.0,Boleto
963,2024-11-08,Cliente_91,Curitiba,Headset Gamer,Acessórios,4,493.0,Débito
964,2024-02-20,Cliente_148,Porto Alegre,"Monitor 24""",Monitores,5,815.0,Débito
965,2024-04-16,Cliente_140,Goiânia,Headset Gamer,Acessórios,3,520.0,
966,2024-11-16,Cliente_124,Fortaleza,Notebook Dell,Notebooks,1,5327.0,Crédito
967,2024-04-18,Cliente_37,Brasília,Impressora HP,Periféricos,4,563.0,Pix
968,2024-05-15,Cliente_134,,"Monitor 27""",Monitores,5,960.0,Crédito
969,2024-12-04,Cliente_190,Rio de Janeiro,Samsung Galaxy S23,Celulares,4,4583.0,Pix
970,2024-02-11,Cliente_137,São Paulo,Impressora HP,Periféricos,1,1103.0,Boleto
971,2024-03-21,Cliente_147,Fortaleza,"Monitor 27""",Monitores,5,1760.0,Boleto
972,2024-05-02,Cliente_43,São Paulo,Teclado Mecânico,Acessórios,3,,Pix
973,2024-03-29,Cliente_162,Porto Alegre,Impressora HP,Periféricos,3,525.0,Débito
974,2024-10-09,,Goiânia,Impressora HP,Periféricos,1,997.0,Crédito
975,2024-02-08,Cliente_33,Brasília,Mouse Gamer,Acessórios,4,184.0,Crédito
976,2024-03-21,Cliente_158,Salvador,Mouse Gamer,Acessórios,3,235.0,Pix
977,2024-01-02,Cliente_155,Belo Horizonte,Mouse Gamer,Acessórios,1,214.0,Débito
978,2024-07-28,Cliente_67,Curitiba,"Monitor 27""",Monitores,3,1159.0,Boleto
979,2024-08-18,Cliente_88,Rio de Janeiro,iPhone 14,Celulares,5,2135.0,Débito
980,2024-12-18,Cliente_193,Recife,Impressora HP,Periféricos,2,1415.0,Boleto
981,2024-10-31,Cliente_164,Belo Horizonte,Samsung Galaxy S23,Celulares,4,4973.0,Débito
982,2024-08-28,Cliente_165,Salvador,Impressora HP,Periféricos,3,511.0,Crédito
983,2024-05-29,Cliente_103,Porto Alegre,Notebook Dell,Notebooks,2,4900.0,Pix
984,2024-01-17,Cliente_98,,"Monitor 27""",Monitores,5,1278.0,
985,10/45/2024,Cliente_112,São Paulo,Mouse Gamer,Acessórios,2,643.0,Pix
986,2024-05-27,Cliente_136,São Paulo,"Monitor 27""",Monitores,4,1446.0,Crédito
987,2024-12-27,,Salvador,Headset Gamer,Acessórios,3,542.0,Pix
988,2024-05-24,Cliente_66,Goiânia,Mouse Gamer,Acessórios,3,200.0,Boleto
989,2024-12-25,Cliente_134,Fortaleza,"Monitor 27""",Monitores,2,1199.0,Débito
990,2024-08-20,Cliente_173,São Paulo,Teclado Mecânico,Acessórios,5,110.0,Crédito
991,10/45/2024,Cliente_135,Rio de Janeiro,Notebook Dell,Notebooks,4,3400.0,Boleto
992,2024-12-17,Cliente_65,Curitiba,Teclado Mecânico,Acessórios,2,390.0,Crédito
993,2024-04-29,Cliente_15,Goiânia,Notebook Dell,Notebooks,5,3376.0,Débito
994,2024-05-15,Cliente_23,Goiânia,Impressora HP,Periféricos,1,645.0,
995,2024-11-16,Cliente_29,Belo Horizonte,"Monitor 24""",Monitores,5,1178.0,Pix
996,2024-10-28,Cliente_20,Porto Alegre,Mouse Gamer,Acessórios,4,776.0,Pix
997,2024-12-04,Cliente_42,Rio de Janeiro,"Monitor 24""",Monitores,3,1327.0,Pix
998,2024-04-11,Cliente_86,São Paulo,Notebook Dell,Notebooks,4,4591.0,Pix
999,2024-08-05,Cliente_18,Porto Alegre,Mouse Gamer,Acessórios,2,551.0,Débito
1000,2024-02-28,Cliente_166,Porto Alegre,Impressora HP,Periféricos,4,765.0,Crédito
